Date,Page.Loads,Unique.Visits,First.Time.Visits,Returning.Visits
2014-09-14,"2,146","1,582","1,430",152
2014-09-15,"3,621","2,528","2,297",231
2014-09-16,"3,698","2,630","2,352",278
2014-09-17,"3,667","2,614","2,327",287
2014-09-18,"3,316","2,366","2,130",236
2014-09-19,"2,815","1,863","1,622",241
2014-09-20,"1,658","1,118",985,133
2014-09-21,"2,288","1,656","1,481",175
2014-09-22,"3,638","2,586","2,312",274
2014-09-23,"4,462","3,257","2,989",268
2014-09-24,"4,414","3,175","2,891",284
2014-09-25,"4,315","3,029","2,743",286
2014-09-26,"3,323","2,249","2,033",216
2014-09-27,"1,656","1,180","1,040",140
2014-09-28,"2,465","1,806","1,613",193
2014-09-29,"4,096","2,873","2,577",296
2014-09-30,"4,474","3,032","2,720",312
2014-10-01,"4,124","2,849","2,541",308
2014-10-02,"3,514","2,489","2,239",250
2014-10-03,"3,005","2,097","1,856",241
2014-10-04,"2,054","1,436","1,274",162
2014-10-05,"2,847","1,913","1,713",200
2014-10-06,"4,501","3,181","2,853",328
2014-10-07,"4,603","3,163","2,804",359
2014-10-08,"4,187","3,014","2,663",351
2014-10-09,"4,343","2,864","2,545",319
2014-10-10,"3,565","2,382","2,100",282
2014-10-11,"2,080","1,457","1,280",177
2014-10-12,"3,031","2,089","1,856",233
2014-10-13,"4,814","3,339","2,973",366
2014-10-14,"5,040","3,604","3,217",387
2014-10-15,"5,028","3,515","3,094",421
2014-10-16,"4,658","3,331","2,955",376
2014-10-17,"3,624","2,477","2,148",329
2014-10-18,"2,285","1,619","1,416",203
2014-10-19,"3,454","2,346","2,060",286
2014-10-20,"5,307","3,717","3,308",409
2014-10-21,"5,135","3,701","3,280",421
2014-10-22,"5,084","3,611","3,177",434
2014-10-23,"4,650","3,316","2,940",376
2014-10-24,"3,571","2,498","2,170",328
2014-10-25,"2,354","1,661","1,417",244
2014-10-26,"3,497","2,508","2,218",290
2014-10-27,"5,294","3,737","3,286",451
2014-10-28,"4,643","3,328","2,905",423
2014-10-29,"4,596","3,279","2,863",416
2014-10-30,"4,162","3,041","2,657",384
2014-10-31,"2,933","2,007","1,728",279
2014-11-01,"2,202","1,496","1,270",226
2014-11-02,"3,083","2,204","1,940",264
2014-11-03,"4,376","3,057","2,629",428
2014-11-04,"4,704","3,141","2,739",402
2014-11-05,"4,306","3,200","2,797",403
2014-11-06,"4,178","3,034","2,627",407
2014-11-07,"3,236","2,318","1,975",343
2014-11-08,"2,010","1,536","1,345",191
2014-11-09,"2,901","2,141","1,849",292
2014-11-10,"4,754","3,325","2,885",440
2014-11-11,"4,417","3,203","2,793",410
2014-11-12,"4,535","3,351","2,897",454
2014-11-13,"4,274","3,194","2,758",436
2014-11-14,"3,382","2,423","2,061",362
2014-11-15,"2,085","1,488","1,280",208
2014-11-16,"3,083","2,215","1,926",289
2014-11-17,"4,860","3,559","3,069",490
2014-11-18,"4,893","3,570","3,133",437
2014-11-19,"4,866","3,544","3,056",488
2014-11-20,"4,584","3,357","2,899",458
2014-11-21,"3,914","2,750","2,361",389
2014-11-22,"2,431","1,716","1,463",253
2014-11-23,"3,157","2,369","2,082",287
2014-11-24,"5,045","3,615","3,146",469
2014-11-25,"4,746","3,236","2,821",415
2014-11-26,"4,314","2,919","2,513",406
2014-11-27,"3,663","2,476","2,162",314
2014-11-28,"3,270","2,268","1,931",337
2014-11-29,"2,905","1,976","1,695",281
2014-11-30,"4,016","2,832","2,489",343
2014-12-01,"5,266","3,877","3,317",560
2014-12-02,"5,795","4,274","3,700",574
2014-12-03,"5,728","4,217","3,656",561
2014-12-04,"5,293","3,830","3,295",535
2014-12-05,"3,934","2,856","2,479",377
2014-12-06,"3,071","2,165","1,855",310
2014-12-07,"3,876","2,984","2,582",402
2014-12-08,"5,878","4,375","3,829",546
2014-12-09,"5,712","4,187","3,635",552
2014-12-10,"5,491","4,074","3,480",594
2014-12-11,"5,144","3,801","3,247",554
2014-12-12,"3,880","2,860","2,418",442
2014-12-13,"2,605","1,838","1,538",300
2014-12-14,"3,625","2,650","2,259",391
2014-12-15,"4,685","3,478","3,000",478
2014-12-16,"4,891","3,338","2,861",477
2014-12-17,"4,222","3,053","2,606",447
2014-12-18,"3,691","2,690","2,275",415
2014-12-19,"2,748","1,879","1,559",320
2014-12-20,"1,380","1,011",836,175
2014-12-21,"1,474","1,054",876,178
2014-12-22,"2,452","1,715","1,394",321
2014-12-23,"2,298","1,440","1,159",281
2014-12-24,"1,430",947,772,175
2014-12-25,"1,002",667,522,145
2014-12-26,"1,486","1,005",808,197
2014-12-27,"1,345",941,781,160
2014-12-28,"1,453",948,765,183
2014-12-29,"2,173","1,472","1,228",244
2014-12-30,"2,208","1,424","1,172",252
2014-12-31,"1,381",955,773,182
2015-01-01,"1,265",876,715,161
2015-01-02,"1,948","1,288","1,030",258
2015-01-03,"1,742","1,096",946,150
2015-01-04,"1,896","1,409","1,186",223
2015-01-05,"3,033","2,062","1,706",356
2015-01-06,"3,445","2,327","1,942",385
2015-01-07,"3,423","2,384","1,991",393
2015-01-08,"3,319","2,272","1,922",350
2015-01-09,"2,783","1,941","1,663",278
2015-01-10,"1,952","1,240","1,066",174
2015-01-11,"2,245","1,611","1,391",220
2015-01-12,"3,928","2,518","2,125",393
2015-01-13,"3,810","2,621","2,239",382
2015-01-14,"3,931","2,656","2,229",427
2015-01-15,"3,523","2,457","2,069",388
2015-01-16,"2,943","1,928","1,640",288
2015-01-17,"1,751","1,237","1,052",185
2015-01-18,"2,491","1,762","1,541",221
2015-01-19,"3,766","2,665","2,271",394
2015-01-20,"4,194","2,852","2,423",429
2015-01-21,"4,038","2,916","2,482",434
2015-01-22,"3,891","2,702","2,334",368
2015-01-23,"3,111","2,181","1,897",284
2015-01-24,"1,946","1,414","1,239",175
2015-01-25,"2,802","2,010","1,740",270
2015-01-26,"3,892","2,841","2,466",375
2015-01-27,"4,172","3,003","2,592",411
2015-01-28,"4,464","3,280","2,862",418
2015-01-29,"4,377","3,143","2,679",464
2015-01-30,"3,734","2,514","2,129",385
2015-01-31,"2,262","1,657","1,443",214
2015-02-01,"3,050","2,122","1,825",297
2015-02-02,"4,794","3,366","2,867",499
2015-02-03,"4,936","3,423","2,922",501
2015-02-04,"5,016","3,500","3,023",477
2015-02-05,"4,489","3,170","2,753",417
2015-02-06,"3,505","2,468","2,075",393
2015-02-07,"2,264","1,679","1,437",242
2015-02-08,"3,314","2,435","2,100",335
2015-02-09,"5,095","3,619","3,125",494
2015-02-10,"5,525","3,793","3,272",521
2015-02-11,"5,074","3,689","3,190",499
2015-02-12,"4,571","3,319","2,810",509
2015-02-13,"3,570","2,664","2,253",411
2015-02-14,"2,182","1,565","1,323",242
2015-02-15,"3,265","2,277","1,935",342
2015-02-16,"4,670","3,297","2,826",471
2015-02-17,"4,764","3,452","2,957",495
2015-02-18,"4,943","3,526","3,026",500
2015-02-19,"4,790","3,307","2,811",496
2015-02-20,"3,604","2,621","2,241",380
2015-02-21,"2,455","1,823","1,569",254
2015-02-22,"3,650","2,690","2,329",361
2015-02-23,"5,463","3,975","3,433",542
2015-02-24,"5,884","4,112","3,542",570
2015-02-25,"5,615","4,019","3,432",587
2015-02-26,"5,289","3,747","3,186",561
2015-02-27,"4,434","2,969","2,486",483
2015-02-28,"2,665","1,977","1,694",283
2015-03-01,"3,907","2,906","2,519",387
2015-03-02,"5,308","3,778","3,222",556
2015-03-03,"5,773","4,025","3,490",535
2015-03-04,"5,585","4,060","3,457",603
2015-03-05,"4,783","3,582","3,049",533
2015-03-06,"3,893","2,707","2,259",448
2015-03-07,"2,917","2,048","1,723",325
2015-03-08,"3,353","2,468","2,104",364
2015-03-09,"5,400","3,824","3,246",578
2015-03-10,"5,395","3,926","3,350",576
2015-03-11,"5,229","3,859","3,263",596
2015-03-12,"5,371","3,784","3,204",580
2015-03-13,"4,185","3,045","2,559",486
2015-03-14,"2,724","1,988","1,675",313
2015-03-15,"3,590","2,620","2,196",424
2015-03-16,"5,367","3,771","3,192",579
2015-03-17,"5,440","3,968","3,387",581
2015-03-18,"5,465","4,043","3,458",585
2015-03-19,"5,318","3,813","3,262",551
2015-03-20,"4,225","2,916","2,462",454
2015-03-21,"2,687","1,975","1,667",308
2015-03-22,"3,791","2,786","2,388",398
2015-03-23,"5,661","3,949","3,331",618
2015-03-24,"5,759","4,081","3,487",594
2015-03-25,"5,599","3,983","3,378",605
2015-03-26,"5,103","3,755","3,184",571
2015-03-27,"4,313","2,946","2,446",500
2015-03-28,"2,971","2,011","1,651",360
2015-03-29,"3,662","2,693","2,285",408
2015-03-30,"5,635","3,985","3,386",599
2015-03-31,"5,581","3,963","3,359",604
2015-04-01,"5,329","3,761","3,170",591
2015-04-02,"4,553","3,214","2,710",504
2015-04-03,"3,423","2,404","1,988",416
2015-04-04,"2,708","1,807","1,512",295
2015-04-05,"3,306","2,266","1,895",371
2015-04-06,"5,203","3,692","3,133",559
2015-04-07,"5,712","4,104","3,456",648
2015-04-08,"5,601","4,015","3,401",614
2015-04-09,"5,486","4,063","3,430",633
2015-04-10,"4,178","3,213","2,697",516
2015-04-11,"2,878","2,153","1,835",318
2015-04-12,"4,169","2,903","2,447",456
2015-04-13,"6,372","4,485","3,787",698
2015-04-14,"6,240","4,391","3,698",693
2015-04-15,"6,170","4,409","3,723",686
2015-04-16,"6,071","4,275","3,586",689
2015-04-17,"4,682","3,307","2,741",566
2015-04-18,"3,208","2,291","1,894",397
2015-04-19,"4,310","3,144","2,669",475
2015-04-20,"6,435","4,694","3,929",765
2015-04-21,"6,299","4,455","3,769",686
2015-04-22,"6,360","4,512","3,797",715
2015-04-23,"6,349","4,360","3,664",696
2015-04-24,"4,660","3,387","2,845",542
2015-04-25,"3,354","2,420","2,035",385
2015-04-26,"4,371","3,189","2,688",501
2015-04-27,"6,534","4,731","3,977",754
2015-04-28,"6,832","4,941","4,161",780
2015-04-29,"6,689","4,870","4,110",760
2015-04-30,"5,849","4,086","3,450",636
2015-05-01,"4,247","3,064","2,562",502
2015-05-02,"3,219","2,360","1,958",402
2015-05-03,"4,211","3,210","2,765",445
2015-05-04,"6,424","4,752","4,043",709
2015-05-05,"6,223","4,520","3,818",702
2015-05-06,"6,551","4,768","4,059",709
2015-05-07,"6,343","4,449","3,770",679
2015-05-08,"4,696","3,366","2,824",542
2015-05-09,"3,134","2,239","1,846",393
2015-05-10,"3,868","2,844","2,365",479
2015-05-11,"6,020","4,482","3,787",695
2015-05-12,"5,705","4,160","3,490",670
2015-05-13,"5,752","4,016","3,348",668
2015-05-14,"5,181","3,605","3,008",597
2015-05-15,"4,269","2,913","2,404",509
2015-05-16,"2,633","1,818","1,473",345
2015-05-17,"3,336","2,376","1,988",388
2015-05-18,"5,127","3,587","2,955",632
2015-05-19,"5,449","3,767","3,149",618
2015-05-20,"5,746","3,956","3,371",585
2015-05-21,"5,115","3,642","3,046",596
2015-05-22,"3,995","2,749","2,243",506
2015-05-23,"2,618","1,884","1,585",299
2015-05-24,"2,961","2,117","1,763",354
2015-05-25,"4,090","2,913","2,427",486
2015-05-26,"5,201","3,637","3,073",564
2015-05-27,"5,321","3,797","3,146",651
2015-05-28,"5,219","3,509","2,887",622
2015-05-29,"4,017","2,804","2,338",466
2015-05-30,"2,297","1,629","1,346",283
2015-05-31,"3,145","2,226","1,860",366
2015-06-01,"4,905","3,419","2,797",622
2015-06-02,"4,747","3,284","2,701",583
2015-06-03,"4,591","3,317","2,713",604
2015-06-04,"4,431","3,173","2,652",521
2015-06-05,"3,608","2,523","2,068",455
2015-06-06,"2,422","1,673","1,336",337
2015-06-07,"3,132","2,145","1,790",355
2015-06-08,"4,962","3,377","2,788",589
2015-06-09,"4,881","3,469","2,862",607
2015-06-10,"5,001","3,425","2,786",639
2015-06-11,"4,635","3,242","2,614",628
2015-06-12,"3,545","2,494","2,066",428
2015-06-13,"2,262","1,490","1,235",255
2015-06-14,"2,866","2,034","1,692",342
2015-06-15,"4,692","3,261","2,682",579
2015-06-16,"4,602","3,204","2,660",544
2015-06-17,"4,620","3,101","2,556",545
2015-06-18,"4,475","2,955","2,386",569
2015-06-19,"3,564","2,422","1,954",468
2015-06-20,"2,071","1,370","1,129",241
2015-06-21,"2,659","1,840","1,523",317
2015-06-22,"4,338","2,963","2,410",553
2015-06-23,"4,531","3,139","2,566",573
2015-06-24,"4,498","3,022","2,481",541
2015-06-25,"4,128","2,730","2,210",520
2015-06-26,"3,132","2,153","1,721",432
2015-06-27,"1,829","1,264","1,067",197
2015-06-28,"2,149","1,517","1,224",293
2015-06-29,"3,975","2,691","2,169",522
2015-06-30,"4,046","2,718","2,180",538
2015-07-01,"3,897","2,745","2,266",479
2015-07-02,"3,871","2,540","2,072",468
2015-07-03,"2,630","1,716","1,353",363
2015-07-04,"1,602","1,104",900,204
2015-07-05,"1,960","1,370","1,141",229
2015-07-06,"4,143","2,655","2,171",484
2015-07-07,"4,205","2,789","2,266",523
2015-07-08,"4,193","2,783","2,255",528
2015-07-09,"3,710","2,536","2,069",467
2015-07-10,"3,137","2,203","1,767",436
2015-07-11,"1,834","1,145",944,201
2015-07-12,"2,070","1,473","1,197",276
2015-07-13,"4,180","2,852","2,310",542
2015-07-14,"4,038","2,731","2,226",505
2015-07-15,"3,906","2,667","2,119",548
2015-07-16,"3,580","2,424","1,940",484
2015-07-17,"2,948","2,070","1,708",362
2015-07-18,"1,622","1,121",924,197
2015-07-19,"2,179","1,480","1,214",266
2015-07-20,"3,906","2,615","2,146",469
2015-07-21,"3,745","2,596","2,071",525
2015-07-22,"4,212","2,761","2,205",556
2015-07-23,"3,901","2,595","2,095",500
2015-07-24,"3,292","2,207","1,785",422
2015-07-25,"1,819","1,229","1,016",213
2015-07-26,"2,068","1,562","1,286",276
2015-07-27,"3,991","2,805","2,243",562
2015-07-28,"4,073","2,862","2,361",501
2015-07-29,"4,069","2,825","2,324",501
2015-07-30,"3,716","2,629","2,126",503
2015-07-31,"3,380","2,120","1,709",411
2015-08-01,"1,737","1,197",958,239
2015-08-02,"2,181","1,567","1,282",285
2015-08-03,"3,973","2,794","2,263",531
2015-08-04,"3,997","2,794","2,269",525
2015-08-05,"4,132","2,798","2,287",511
2015-08-06,"3,791","2,693","2,204",489
2015-08-07,"2,968","2,139","1,738",401
2015-08-08,"1,752","1,266","1,021",245
2015-08-09,"2,070","1,497","1,231",266
2015-08-10,"3,920","2,684","2,139",545
2015-08-11,"4,106","2,791","2,266",525
2015-08-12,"4,006","2,726","2,166",560
2015-08-13,"3,827","2,639","2,133",506
2015-08-14,"2,944","1,973","1,564",409
2015-08-15,"1,827","1,193",954,239
2015-08-16,"2,373","1,658","1,369",289
2015-08-17,"4,031","2,763","2,290",473
2015-08-18,"4,027","2,780","2,248",532
2015-08-19,"3,912","2,795","2,291",504
2015-08-20,"3,867","2,715","2,191",524
2015-08-21,"3,304","2,238","1,806",432
2015-08-22,"1,685","1,208","1,011",197
2015-08-23,"2,130","1,542","1,282",260
2015-08-24,"3,936","2,697","2,182",515
2015-08-25,"4,029","2,744","2,203",541
2015-08-26,"4,010","2,789","2,237",552
2015-08-27,"4,027","2,890","2,392",498
2015-08-28,"2,829","2,000","1,585",415
2015-08-29,"1,736","1,227","1,023",204
2015-08-30,"2,517","1,686","1,416",270
2015-08-31,"4,029","2,769","2,299",470
2015-09-01,"4,261","2,890","2,358",532
2015-09-02,"4,058","2,923","2,442",481
2015-09-03,"4,392","3,007","2,466",541
2015-09-04,"3,072","2,221","1,846",375
2015-09-05,"1,799","1,284","1,068",216
2015-09-06,"2,341","1,611","1,345",266
2015-09-07,"3,330","2,354","1,963",391
2015-09-08,"4,734","3,381","2,833",548
2015-09-09,"4,801","3,381","2,845",536
2015-09-10,"4,399","3,079","2,575",504
2015-09-11,"3,275","2,375","1,958",417
2015-09-12,"2,042","1,429","1,223",206
2015-09-13,"2,827","2,103","1,844",259
2015-09-14,"4,836","3,437","2,954",483
2015-09-15,"4,840","3,465","2,944",521
2015-09-16,"4,504","3,356","2,902",454
2015-09-17,"4,379","3,240","2,736",504
2015-09-18,"3,391","2,428","2,024",404
2015-09-19,"2,045","1,513","1,278",235
2015-09-20,"2,721","2,081","1,817",264
2015-09-21,"4,630","3,535","2,998",537
2015-09-22,"4,748","3,540","3,004",536
2015-09-23,"4,702","3,377","2,893",484
2015-09-24,"4,440","3,309","2,827",482
2015-09-25,"3,513","2,518","2,116",402
2015-09-26,"2,253","1,633","1,395",238
2015-09-27,"3,141","2,291","1,980",311
2015-09-28,"5,122","3,808","3,289",519
2015-09-29,"5,151","3,868","3,305",563
2015-09-30,"4,969","3,703","3,182",521
2015-10-01,"4,619","3,365","2,876",489
2015-10-02,"3,443","2,598","2,196",402
2015-10-03,"2,302","1,754","1,503",251
2015-10-04,"3,291","2,506","2,173",333
2015-10-05,"5,206","3,737","3,170",567
2015-10-06,"5,474","3,940","3,337",603
2015-10-07,"5,400","3,934","3,350",584
2015-10-08,"5,334","3,821","3,244",577
2015-10-09,"4,174","3,022","2,547",475
2015-10-10,"2,571","1,853","1,597",256
2015-10-11,"3,572","2,636","2,283",353
2015-10-12,"5,018","3,788","3,241",547
2015-10-13,"5,565","4,159","3,536",623
2015-10-14,"5,420","4,048","3,403",645
2015-10-15,"5,366","3,908","3,331",577
2015-10-16,"4,091","3,002","2,507",495
2015-10-17,"2,824","2,087","1,770",317
2015-10-18,"3,843","2,825","2,441",384
2015-10-19,"5,516","4,140","3,491",649
2015-10-20,"5,572","4,121","3,460",661
2015-10-21,"5,243","3,882","3,298",584
2015-10-22,"5,133","3,720","3,104",616
2015-10-23,"4,084","2,947","2,441",506
2015-10-24,"2,739","1,978","1,647",331
2015-10-25,"3,781","2,857","2,435",422
2015-10-26,"5,684","4,073","3,417",656
2015-10-27,"5,687","4,179","3,534",645
2015-10-28,"5,906","4,266","3,614",652
2015-10-29,"5,541","4,020","3,368",652
2015-10-30,"4,171","3,043","2,501",542
2015-10-31,"2,586","1,820","1,496",324
2015-11-01,"3,838","2,922","2,456",466
2015-11-02,"5,675","4,076","3,419",657
2015-11-03,"5,624","4,178","3,504",674
2015-11-04,"5,794","4,316","3,670",646
2015-11-05,"5,389","4,031","3,379",652
2015-11-06,"4,305","3,047","2,522",525
2015-11-07,"3,281","2,202","1,854",348
2015-11-08,"3,790","2,837","2,418",419
2015-11-09,"5,894","4,203","3,487",716
2015-11-10,"5,461","4,048","3,388",660
2015-11-11,"5,206","3,869","3,219",650
2015-11-12,"5,228","3,929","3,281",648
2015-11-13,"4,097","2,971","2,436",535
2015-11-14,"2,694","1,964","1,616",348
2015-11-15,"3,893","2,930","2,483",447
2015-11-16,"6,185","4,550","3,872",678
2015-11-17,"6,178","4,503","3,795",708
2015-11-18,"6,067","4,397","3,693",704
2015-11-19,"5,656","4,166","3,487",679
2015-11-20,"4,398","3,173","2,645",528
2015-11-21,"2,836","2,086","1,741",345
2015-11-22,"3,896","2,927","2,424",503
2015-11-23,"5,814","4,236","3,543",693
2015-11-24,"5,879","4,140","3,475",665
2015-11-25,"4,800","3,457","2,836",621
2015-11-26,"3,838","2,825","2,334",491
2015-11-27,"3,576","2,579","2,118",461
2015-11-28,"2,799","1,974","1,652",322
2015-11-29,"4,228","3,127","2,605",522
2015-11-30,"6,331","4,570","3,817",753
2015-12-01,"6,380","4,743","4,027",716
2015-12-02,"6,314","4,829","4,039",790
2015-12-03,"6,160","4,584","3,835",749
2015-12-04,"4,859","3,615","2,995",620
2015-12-05,"3,317","2,468","2,040",428
2015-12-06,"4,715","3,550","2,972",578
2015-12-07,"6,940","5,136","4,303",833
2015-12-08,"6,551","4,866","4,068",798
2015-12-09,"6,327","4,761","3,961",800
2015-12-10,"6,212","4,578","3,830",748
2015-12-11,"4,687","3,388","2,771",617
2015-12-12,"3,014","2,283","1,856",427
2015-12-13,"4,132","3,064","2,548",516
2015-12-14,"5,989","4,330","3,606",724
2015-12-15,"5,331","3,967","3,309",658
2015-12-16,"5,183","3,665","3,025",640
2015-12-17,"4,769","3,515","2,917",598
2015-12-18,"3,627","2,518","2,071",447
2015-12-19,"1,857","1,319","1,087",232
2015-12-20,"2,221","1,489","1,204",285
2015-12-21,"3,335","2,335","1,906",429
2015-12-22,"2,883","2,047","1,639",408
2015-12-23,"2,353","1,621","1,312",309
2015-12-24,"1,578","1,099",886,213
2015-12-25,"1,017",724,586,138
2015-12-26,"1,334",936,760,176
2015-12-27,"1,690","1,155",947,208
2015-12-28,"2,838","1,829","1,474",355
2015-12-29,"2,815","1,786","1,419",367
2015-12-30,"2,382","1,618","1,292",326
2015-12-31,"1,587","1,035",809,226
2016-01-01,"1,411",960,786,174
2016-01-02,"1,838","1,197",969,228
2016-01-03,"2,180","1,562","1,279",283
2016-01-04,"3,587","2,494","2,037",457
2016-01-05,"3,855","2,742","2,230",512
2016-01-06,"3,840","2,628","2,127",501
2016-01-07,"3,735","2,746","2,258",488
2016-01-08,"3,223","2,286","1,860",426
2016-01-09,"2,207","1,531","1,280",251
2016-01-10,"2,814","2,000","1,661",339
2016-01-11,"4,007","2,976","2,444",532
2016-01-12,"4,119","2,961","2,385",576
2016-01-13,"4,338","3,164","2,631",533
2016-01-14,"4,432","2,962","2,418",544
2016-01-15,"3,306","2,349","1,866",483
2016-01-16,"2,223","1,557","1,262",295
2016-01-17,"2,757","2,002","1,635",367
2016-01-18,"4,047","2,898","2,373",525
2016-01-19,"4,489","3,190","2,566",624
2016-01-20,"4,588","3,232","2,656",576
2016-01-21,"4,398","3,106","2,561",545
2016-01-22,"3,340","2,455","1,990",465
2016-01-23,"2,344","1,639","1,338",301
2016-01-24,"2,973","2,094","1,736",358
2016-01-25,"4,638","3,205","2,649",556
2016-01-26,"4,791","3,409","2,834",575
2016-01-27,"5,104","3,768","3,197",571
2016-01-28,"4,621","3,439","2,876",563
2016-01-29,"3,831","2,715","2,232",483
2016-01-30,"2,295","1,690","1,400",290
2016-01-31,"3,235","2,462","2,050",412
2016-02-01,"4,918","3,640","3,060",580
2016-02-02,"5,127","3,783","3,195",588
2016-02-03,"4,794","3,575","2,999",576
2016-02-04,"4,788","3,420","2,848",572
2016-02-05,"3,948","2,727","2,256",471
2016-02-06,"2,383","1,765","1,477",288
2016-02-07,"2,950","2,231","1,839",392
2016-02-08,"4,905","3,592","3,024",568
2016-02-09,"5,353","3,931","3,299",632
2016-02-10,"5,492","4,007","3,358",649
2016-02-11,"5,052","3,628","3,019",609
2016-02-12,"3,764","2,807","2,300",507
2016-02-13,"2,458","1,788","1,459",329
2016-02-14,"3,098","2,277","1,866",411
2016-02-15,"4,951","3,652","3,039",613
2016-02-16,"5,495","4,000","3,304",696
2016-02-17,"5,505","4,062","3,375",687
2016-02-18,"5,188","3,812","3,156",656
2016-02-19,"4,002","2,932","2,377",555
2016-02-20,"2,607","1,888","1,537",351
2016-02-21,"3,906","2,838","2,355",483
2016-02-22,"6,360","4,432","3,684",748
2016-02-23,"6,046","4,460","3,714",746
2016-02-24,"5,938","4,309","3,499",810
2016-02-25,"5,325","3,892","3,199",693
2016-02-26,"4,165","3,048","2,490",558
2016-02-27,"2,829","2,096","1,726",370
2016-02-28,"4,090","2,979","2,462",517
2016-02-29,"5,734","4,224","3,493",731
2016-03-01,"6,214","4,474","3,731",743
2016-03-02,"5,906","4,333","3,597",736
2016-03-03,"5,814","4,191","3,419",772
2016-03-04,"4,507","3,188","2,624",564
2016-03-05,"2,859","2,064","1,718",346
2016-03-06,"3,897","2,806","2,326",480
2016-03-07,"5,849","4,240","3,503",737
2016-03-08,"6,264","4,526","3,743",783
2016-03-09,"6,062","4,404","3,624",780
2016-03-10,"5,685","4,159","3,415",744
2016-03-11,"4,391","3,241","2,627",614
2016-03-12,"2,880","2,046","1,638",408
2016-03-13,"3,740","2,673","2,163",510
2016-03-14,"5,710","4,261","3,469",792
2016-03-15,"5,168","3,778","3,047",731
2016-03-16,"5,577","4,062","3,287",775
2016-03-17,"5,238","3,827","3,134",693
2016-03-18,"3,931","2,871","2,320",551
2016-03-19,"2,606","1,892","1,568",324
2016-03-20,"3,149","2,410","2,028",382
2016-03-21,"5,565","3,968","3,274",694
2016-03-22,"5,281","3,770","3,035",735
2016-03-23,"5,202","3,780","3,146",634
2016-03-24,"4,581","3,203","2,649",554
2016-03-25,"3,264","2,281","1,847",434
2016-03-26,"2,344","1,759","1,393",366
2016-03-27,"3,112","2,311","1,890",421
2016-03-28,"5,051","3,655","2,985",670
2016-03-29,"5,333","3,944","3,217",727
2016-03-30,"5,671","4,078","3,369",709
2016-03-31,"5,097","3,707","3,026",681
2016-04-01,"4,555","2,971","2,408",563
2016-04-02,"2,987","2,129","1,737",392
2016-04-03,"4,257","2,964","2,421",543
2016-04-04,"5,804","4,216","3,426",790
2016-04-05,"5,885","4,379","3,597",782
2016-04-06,"6,054","4,293","3,522",771
2016-04-07,"5,791","4,147","3,422",725
2016-04-08,"4,741","3,430","2,820",610
2016-04-09,"2,946","2,140","1,740",400
2016-04-10,"4,071","2,864","2,330",534
2016-04-11,"6,265","4,503","3,667",836
2016-04-12,"6,298","4,626","3,769",857
2016-04-13,"6,495","4,628","3,791",837
2016-04-14,"5,536","4,189","3,431",758
2016-04-15,"4,737","3,447","2,785",662
2016-04-16,"3,232","2,333","1,862",471
2016-04-17,"4,201","3,093","2,504",589
2016-04-18,"6,806","4,769","3,920",849
2016-04-19,"6,769","4,817","3,940",877
2016-04-20,"6,581","4,824","3,926",898
2016-04-21,"6,254","4,537","3,707",830
2016-04-22,"5,163","3,685","3,009",676
2016-04-23,"3,851","2,595","2,113",482
2016-04-24,"4,695","3,386","2,761",625
2016-04-25,"7,098","5,224","4,237",987
2016-04-26,"7,156","5,392","4,468",924
2016-04-27,"6,836","5,056","4,130",926
2016-04-28,"6,329","4,724","3,892",832
2016-04-29,"4,990","3,608","2,922",686
2016-04-30,"3,536","2,489","1,993",496
2016-05-01,"4,366","3,236","2,605",631
2016-05-02,"6,510","4,786","3,909",877
2016-05-03,"6,855","4,962","4,085",877
2016-05-04,"6,599","4,651","3,744",907
2016-05-05,"5,510","4,105","3,375",730
2016-05-06,"4,549","3,245","2,639",606
2016-05-07,"3,064","2,167","1,760",407
2016-05-08,"3,633","2,663","2,180",483
2016-05-09,"5,838","4,283","3,489",794
2016-05-10,"6,026","4,336","3,581",755
2016-05-11,"5,780","4,226","3,479",747
2016-05-12,"5,131","3,781","3,101",680
2016-05-13,"3,928","2,845","2,294",551
2016-05-14,"2,636","1,930","1,552",378
2016-05-15,"3,278","2,366","1,922",444
2016-05-16,"4,785","3,560","2,882",678
2016-05-17,"4,886","3,601","2,914",687
2016-05-18,"5,145","3,672","2,987",685
2016-05-19,"5,849","4,211","3,484",727
2016-05-20,"4,456","3,324","2,725",599
2016-05-21,"2,960","2,138","1,716",422
2016-05-22,"3,885","2,860","2,338",522
2016-05-23,"5,857","4,155","3,368",787
2016-05-24,"6,162","4,345","3,526",819
2016-05-25,"6,014","4,254","3,398",856
2016-05-26,"5,652","4,119","3,385",734
2016-05-27,"4,793","3,340","2,692",648
2016-05-28,"2,819","1,995","1,611",384
2016-05-29,"3,687","2,546","2,067",479
2016-05-30,"4,851","3,399","2,701",698
2016-05-31,"5,775","4,216","3,413",803
2016-06-01,"5,443","3,962","3,193",769
2016-06-02,"5,590","3,959","3,176",783
2016-06-03,"4,482","3,164","2,489",675
2016-06-04,"2,792","1,947","1,533",414
2016-06-05,"3,371","2,449","1,979",470
2016-06-06,"5,547","3,832","3,036",796
2016-06-07,"5,468","3,954","3,226",728
2016-06-08,"5,104","3,751","3,064",687
2016-06-09,"4,728","3,485","2,812",673
2016-06-10,"4,024","2,855","2,290",565
2016-06-11,"2,350","1,677","1,348",329
2016-06-12,"3,234","2,196","1,779",417
2016-06-13,"4,948","3,550","2,790",760
2016-06-14,"5,247","3,760","3,052",708
2016-06-15,"5,003","3,557","2,810",747
2016-06-16,"4,816","3,482","2,775",707
2016-06-17,"4,208","2,818","2,267",551
2016-06-18,"2,454","1,668","1,357",311
2016-06-19,"2,763","1,919","1,506",413
2016-06-20,"4,954","3,522","2,829",693
2016-06-21,"4,903","3,470","2,793",677
2016-06-22,"4,907","3,464","2,772",692
2016-06-23,"4,625","3,336","2,669",667
2016-06-24,"3,497","2,482","1,947",535
2016-06-25,"1,826","1,358","1,101",257
2016-06-26,"2,307","1,721","1,356",365
2016-06-27,"4,368","3,078","2,433",645
2016-06-28,"4,233","3,091","2,466",625
2016-06-29,"4,187","2,948","2,377",571
2016-06-30,"3,811","2,726","2,135",591
2016-07-01,"3,179","2,226","1,730",496
2016-07-02,"1,615","1,039",814,225
2016-07-03,"1,788","1,307","1,028",279
2016-07-04,"2,959","2,144","1,653",491
2016-07-05,"3,947","2,840","2,235",605
2016-07-06,"3,841","2,821","2,248",573
2016-07-07,"3,729","2,700","2,148",552
2016-07-08,"3,324","2,381","1,891",490
2016-07-09,"1,795","1,305","1,036",269
2016-07-10,"2,373","1,655","1,321",334
2016-07-11,"4,101","2,855","2,208",647
2016-07-12,"4,241","2,960","2,352",608
2016-07-13,"4,478","3,189","2,578",611
2016-07-14,"3,961","2,814","2,214",600
2016-07-15,"3,367","2,325","1,796",529
2016-07-16,"1,828","1,222",951,271
2016-07-17,"2,344","1,636","1,319",317
2016-07-18,"4,415","3,007","2,382",625
2016-07-19,"4,403","3,151","2,502",649
2016-07-20,"4,244","3,082","2,450",632
2016-07-21,"4,322","3,077","2,404",673
2016-07-22,"3,456","2,431","1,936",495
2016-07-23,"2,068","1,407","1,099",308
2016-07-24,"2,568","1,755","1,374",381
2016-07-25,"4,770","3,320","2,628",692
2016-07-26,"4,621","3,277","2,595",682
2016-07-27,"4,470","3,164","2,513",651
2016-07-28,"4,307","3,077","2,459",618
2016-07-29,"3,370","2,366","1,818",548
2016-07-30,"1,960","1,341","1,017",324
2016-07-31,"2,412","1,765","1,423",342
2016-08-01,"4,504","3,095","2,489",606
2016-08-02,"4,382","3,138","2,499",639
2016-08-03,"4,710","3,369","2,697",672
2016-08-04,"4,324","3,106","2,479",627
2016-08-05,"3,472","2,497","1,980",517
2016-08-06,"1,909","1,339","1,081",258
2016-08-07,"2,365","1,688","1,334",354
2016-08-08,"4,460","3,056","2,438",618
2016-08-09,"4,479","3,135","2,482",653
2016-08-10,"4,510","3,207","2,550",657
2016-08-11,"4,340","3,111","2,491",620
2016-08-12,"3,508","2,436","1,933",503
2016-08-13,"2,030","1,420","1,122",298
2016-08-14,"2,586","1,749","1,399",350
2016-08-15,"4,476","2,970","2,346",624
2016-08-16,"3,232","2,299","1,823",476
2016-08-17,"4,291","3,106","2,498",608
2016-08-18,"4,247","2,926","2,327",599
2016-08-19,"3,477","2,539","2,045",494
2016-08-20,"2,169","1,470","1,169",301
2016-08-21,"2,430","1,808","1,453",355
2016-08-22,"4,358","3,082","2,439",643
2016-08-23,"4,465","3,249","2,550",699
2016-08-24,"4,550","3,210","2,615",595
2016-08-25,"4,147","3,011","2,380",631
2016-08-26,"3,634","2,532","2,000",532
2016-08-27,"2,014","1,430","1,141",289
2016-08-28,"2,687","1,910","1,555",355
2016-08-29,"4,376","3,115","2,521",594
2016-08-30,"4,318","3,226","2,622",604
2016-08-31,"4,441","3,219","2,620",599
2016-09-01,"4,234","3,116","2,556",560
2016-09-02,"3,027","2,230","1,762",468
2016-09-03,"1,966","1,376","1,101",275
2016-09-04,"2,446","1,761","1,452",309
2016-09-05,"3,779","2,643","2,145",498
2016-09-06,"4,619","3,341","2,727",614
2016-09-07,"4,983","3,584","2,925",659
2016-09-08,"4,645","3,319","2,716",603
2016-09-09,"3,612","2,630","2,139",491
2016-09-10,"2,153","1,577","1,323",254
2016-09-11,"3,089","2,307","1,978",329
2016-09-12,"4,580","3,446","2,882",564
2016-09-13,"4,788","3,625","2,992",633
2016-09-14,"5,095","3,759","3,113",646
2016-09-15,"4,668","3,454","2,860",594
2016-09-16,"3,711","2,785","2,272",513
2016-09-17,"2,523","1,861","1,577",284
2016-09-18,"3,364","2,547","2,122",425
2016-09-19,"5,513","4,050","3,321",729
2016-09-20,"5,362","3,762","3,095",667
2016-09-21,"5,402","3,987","3,293",694
2016-09-22,"5,398","3,996","3,299",697
2016-09-23,"3,783","2,663","2,134",529
2016-09-24,"2,395","1,797","1,503",294
2016-09-25,"3,679","2,719","2,289",430
2016-09-26,"5,688","4,325","3,570",755
2016-09-27,"5,842","4,382","3,645",737
2016-09-28,"5,923","4,458","3,682",776
2016-09-29,"5,717","4,222","3,487",735
2016-09-30,"4,250","3,176","2,565",611
2016-10-01,"2,525","1,986","1,656",330
2016-10-02,"3,923","3,023","2,559",464
2016-10-03,"5,785","4,281","3,545",736
2016-10-04,"6,052","4,522","3,780",742
2016-10-05,"6,150","4,588","3,814",774
2016-10-06,"5,591","4,134","3,419",715
2016-10-07,"4,279","3,196","2,616",580
2016-10-08,"2,897","2,066","1,717",349
2016-10-09,"3,904","2,873","2,374",499
2016-10-10,"5,458","4,145","3,442",703
2016-10-11,"5,909","4,399","3,685",714
2016-10-12,"6,175","4,620","3,823",797
2016-10-13,"5,856","4,422","3,581",841
2016-10-14,"4,610","3,505","2,837",668
2016-10-15,"3,081","2,269","1,864",405
2016-10-16,"4,390","3,265","2,718",547
2016-10-17,"6,507","4,917","4,018",899
2016-10-18,"6,941","5,103","4,189",914
2016-10-19,"6,576","4,776","3,961",815
2016-10-20,"5,985","4,462","3,701",761
2016-10-21,"4,789","3,497","2,840",657
2016-10-22,"3,263","2,292","1,881",411
2016-10-23,"4,180","3,135","2,561",574
2016-10-24,"6,371","4,865","3,993",872
2016-10-25,"6,648","4,960","4,070",890
2016-10-26,"6,501","4,777","3,880",897
2016-10-27,"6,088","4,431","3,574",857
2016-10-28,"4,376","3,179","2,510",669
2016-10-29,"2,733","1,955","1,549",406
2016-10-30,"3,953","2,921","2,344",577
2016-10-31,"6,108","4,416","3,563",853
2016-11-01,"5,668","4,185","3,360",825
2016-11-02,"6,159","4,508","3,663",845
2016-11-03,"5,810","4,241","3,426",815
2016-11-04,"4,491","3,394","2,670",724
2016-11-05,"3,110","2,263","1,842",421
2016-11-06,"4,418","3,281","2,713",568
2016-11-07,"6,529","4,488","3,573",915
2016-11-08,"5,756","4,251","3,437",814
2016-11-09,"5,716","4,102","3,315",787
2016-11-10,"5,323","4,022","3,246",776
2016-11-11,"4,280","3,085","2,441",644
2016-11-12,"2,982","2,169","1,777",392
2016-11-13,"4,365","3,172","2,595",577
2016-11-14,"6,627","4,888","3,942",946
2016-11-15,"6,467","4,808","3,905",903
2016-11-16,"6,631","4,903","3,984",919
2016-11-17,"6,378","4,681","3,779",902
2016-11-18,"4,767","3,424","2,734",690
2016-11-19,"3,501","2,580","2,136",444
2016-11-20,"4,647","3,426","2,777",649
2016-11-21,"6,336","4,693","3,788",905
2016-11-22,"6,222","4,564","3,646",918
2016-11-23,"5,527","3,904","3,082",822
2016-11-24,"4,267","3,197","2,561",636
2016-11-25,"3,733","2,678","2,135",543
2016-11-26,"3,299","2,394","1,907",487
2016-11-27,"4,530","3,396","2,722",674
2016-11-28,"6,908","5,047","4,167",880
2016-11-29,"7,714","5,338","4,369",969
2016-11-30,"7,490","5,425","4,389","1,036"
2016-12-01,"7,190","5,081","4,120",961
2016-12-02,"5,391","3,977","3,171",806
2016-12-03,"3,575","2,667","2,178",489
2016-12-04,"5,285","4,031","3,247",784
2016-12-05,"7,330","5,439","4,452",987
2016-12-06,"7,489","5,479","4,500",979
2016-12-07,"7,345","5,467","4,469",998
2016-12-08,"6,679","4,991","3,998",993
2016-12-09,"5,403","3,970","3,190",780
2016-12-10,"3,573","2,712","2,203",509
2016-12-11,"4,834","3,515","2,838",677
2016-12-12,"6,905","4,945","3,988",957
2016-12-13,"6,743","4,927","3,942",985
2016-12-14,"6,201","4,488","3,593",895
2016-12-15,"5,571","4,071","3,229",842
2016-12-16,"3,872","2,780","2,191",589
2016-12-17,"2,613","1,884","1,480",404
2016-12-18,"3,109","2,293","1,853",440
2016-12-19,"4,324","3,145","2,477",668
2016-12-20,"4,226","3,064","2,339",725
2016-12-21,"3,991","2,914","2,278",636
2016-12-22,"3,160","2,211","1,728",483
2016-12-23,"2,386","1,626","1,257",369
2016-12-24,"1,115",825,634,191
2016-12-25,"1,387",930,740,190
2016-12-26,"2,147","1,418","1,142",276
2016-12-27,"2,686","1,777","1,349",428
2016-12-28,"2,885","1,915","1,476",439
2016-12-29,"2,694","1,837","1,400",437
2016-12-30,"2,273","1,541","1,164",377
2016-12-31,"1,188",836,643,193
2017-01-01,"1,447","1,039",832,207
2017-01-02,"2,568","1,844","1,448",396
2017-01-03,"3,566","2,527","1,970",557
2017-01-04,"3,941","2,816","2,226",590
2017-01-05,"3,841","2,625","2,058",567
2017-01-06,"3,261","2,338","1,812",526
2017-01-07,"2,241","1,523","1,204",319
2017-01-08,"2,679","1,892","1,519",373
2017-01-09,"4,182","2,841","2,191",650
2017-01-10,"4,236","3,039","2,391",648
2017-01-11,"4,628","3,206","2,536",670
2017-01-12,"4,205","3,025","2,403",622
2017-01-13,"3,459","2,508","2,033",475
2017-01-14,"2,448","1,744","1,390",354
2017-01-15,"2,853","2,015","1,586",429
2017-01-16,"4,638","3,178","2,543",635
2017-01-17,"5,325","3,669","2,942",727
2017-01-18,"4,866","3,364","2,670",694
2017-01-19,"4,715","3,375","2,689",686
2017-01-20,"3,753","2,713","2,136",577
2017-01-21,"2,481","1,778","1,437",341
2017-01-22,"3,233","2,401","1,981",420
2017-01-23,"5,034","3,660","2,957",703
2017-01-24,"4,787","3,593","2,909",684
2017-01-25,"4,901","3,602","2,923",679
2017-01-26,"4,398","3,266","2,653",613
2017-01-27,"3,823","2,832","2,267",565
2017-01-28,"2,619","1,901","1,534",367
2017-01-29,"3,518","2,612","2,205",407
2017-01-30,"5,178","3,826","3,127",699
2017-01-31,"5,290","3,876","3,127",749
2017-02-01,"5,469","4,116","3,402",714
2017-02-02,"5,399","4,028","3,303",725
2017-02-03,"4,232","3,012","2,342",670
2017-02-04,"2,828","2,084","1,697",387
2017-02-05,"3,724","2,783","2,281",502
2017-02-06,"5,733","4,249","3,448",801
2017-02-07,"5,814","4,284","3,521",763
2017-02-08,"5,349","4,006","3,248",758
2017-02-09,"5,025","3,681","3,010",671
2017-02-10,"4,044","2,922","2,335",587
2017-02-11,"2,323","1,731","1,377",354
2017-02-12,"3,147","2,469","2,005",464
2017-02-13,"4,972","3,719","3,014",705
2017-02-14,"4,878","3,582","2,897",685
2017-02-15,"5,288","3,786","3,039",747
2017-02-16,"4,968","3,668","2,934",734
2017-02-17,"3,788","2,748","2,158",590
2017-02-18,"2,514","1,839","1,496",343
2017-02-19,"3,463","2,602","2,083",519
2017-02-20,"4,931","3,700","3,009",691
2017-02-21,"5,101","3,873","3,079",794
2017-02-22,"5,144","3,727","2,998",729
2017-02-23,"4,433","3,372","2,657",715
2017-02-24,"3,597","2,648","2,111",537
2017-02-25,"2,621","1,826","1,482",344
2017-02-26,"3,397","2,494","2,021",473
2017-02-27,"5,062","3,812","3,009",803
2017-02-28,"4,926","3,678","2,933",745
2017-03-01,"4,936","3,558","2,822",736
2017-03-02,"4,688","3,441","2,747",694
2017-03-03,"3,827","2,699","2,140",559
2017-03-04,"2,452","1,754","1,408",346
2017-03-05,"3,283","2,394","1,958",436
2017-03-06,"4,823","3,481","2,764",717
2017-03-07,"4,821","3,662","2,942",720
2017-03-08,"5,059","3,613","2,923",690
2017-03-09,"4,585","3,444","2,744",700
2017-03-10,"3,682","2,733","2,178",555
2017-03-11,"2,350","1,714","1,351",363
2017-03-12,"3,056","2,189","1,755",434
2017-03-13,"4,746","3,367","2,721",646
2017-03-14,"4,613","3,465","2,808",657
2017-03-15,"4,560","3,441","2,694",747
2017-03-16,"4,520","3,304","2,629",675
2017-03-17,"3,346","2,433","1,930",503
2017-03-18,"2,253","1,649","1,325",324
2017-03-19,"2,927","2,267","1,807",460
2017-03-20,"4,878","3,463","2,799",664
2017-03-21,"4,852","3,481","2,802",679
2017-03-22,"4,585","3,430","2,757",673
2017-03-23,"4,477","3,260","2,600",660
2017-03-24,"3,654","2,566","1,993",573
2017-03-25,"2,411","1,760","1,420",340
2017-03-26,"3,054","2,336","1,882",454
2017-03-27,"4,696","3,479","2,765",714
2017-03-28,"5,033","3,633","2,875",758
2017-03-29,"4,948","3,530","2,809",721
2017-03-30,"4,636","3,390","2,704",686
2017-03-31,"3,539","2,636","2,060",576
2017-04-01,"2,371","1,678","1,338",340
2017-04-02,"2,816","2,159","1,715",444
2017-04-03,"4,493","3,356","2,672",684
2017-04-04,"4,678","3,486","2,739",747
2017-04-05,"4,737","3,484","2,762",722
2017-04-06,"4,775","3,514","2,806",708
2017-04-07,"3,658","2,725","2,181",544
2017-04-08,"2,260","1,664","1,324",340
2017-04-09,"3,343","2,433","1,933",500
2017-04-10,"4,640","3,440","2,756",684
2017-04-11,"4,694","3,532","2,867",665
2017-04-12,"4,771","3,517","2,800",717
2017-04-13,"4,173","3,017","2,395",622
2017-04-14,"3,046","2,238","1,752",486
2017-04-15,"2,260","1,701","1,333",368
2017-04-16,"2,876","2,143","1,700",443
2017-04-17,"4,774","3,402","2,719",683
2017-04-18,"5,009","3,702","2,906",796
2017-04-19,"5,369","3,852","3,133",719
2017-04-20,"5,020","3,669","2,969",700
2017-04-21,"3,935","2,802","2,203",599
2017-04-22,"2,795","2,049","1,630",419
2017-04-23,"3,795","2,827","2,305",522
2017-04-24,"5,489","4,083","3,252",831
2017-04-25,"5,680","4,108","3,336",772
2017-04-26,"5,383","3,940","3,205",735
2017-04-27,"4,890","3,695","2,985",710
2017-04-28,"3,872","2,887","2,310",577
2017-04-29,"2,790","1,987","1,602",385
2017-04-30,"3,524","2,616","2,118",498
2017-05-01,"4,903","3,551","2,875",676
2017-05-02,"5,160","3,802","3,079",723
2017-05-03,"5,194","3,766","2,995",771
2017-05-04,"5,142","3,755","3,013",742
2017-05-05,"3,836","2,925","2,323",602
2017-05-06,"2,737","1,981","1,572",409
2017-05-07,"3,386","2,534","2,025",509
2017-05-08,"4,816","3,585","2,900",685
2017-05-09,"4,734","3,458","2,763",695
2017-05-10,"4,761","3,475","2,754",721
2017-05-11,"4,277","3,224","2,570",654
2017-05-12,"3,563","2,620","2,056",564
2017-05-13,"2,401","1,749","1,379",370
2017-05-14,"2,877","2,126","1,674",452
2017-05-15,"4,448","3,191","2,494",697
2017-05-16,"4,525","3,226","2,593",633
2017-05-17,"4,533","3,318","2,676",642
2017-05-18,"4,431","3,307","2,686",621
2017-05-19,"3,456","2,470","1,938",532
2017-05-20,"2,162","1,651","1,332",319
2017-05-21,"2,786","1,971","1,597",374
2017-05-22,"4,172","3,041","2,403",638
2017-05-23,"4,255","3,077","2,457",620
2017-05-24,"4,154","2,996","2,400",596
2017-05-25,"3,803","2,839","2,263",576
2017-05-26,"2,950","2,183","1,720",463
2017-05-27,"1,909","1,444","1,155",289
2017-05-28,"2,506","1,781","1,399",382
2017-05-29,"3,325","2,457","1,913",544
2017-05-30,"4,086","2,909","2,298",611
2017-05-31,"3,716","2,667","2,069",598
2017-06-01,"3,702","2,639","2,103",536
2017-06-02,"2,959","2,171","1,680",491
2017-06-03,"2,006","1,471","1,161",310
2017-06-04,"2,479","1,795","1,419",376
2017-06-05,"3,501","2,610","2,072",538
2017-06-06,"3,985","2,922","2,361",561
2017-06-07,"3,920","2,913","2,314",599
2017-06-08,"3,868","2,796","2,209",587
2017-06-09,"2,921","2,101","1,660",441
2017-06-10,"1,655","1,244",975,269
2017-06-11,"2,229","1,622","1,299",323
2017-06-12,"3,660","2,598","2,020",578
2017-06-13,"3,898","2,809","2,202",607
2017-06-14,"3,912","2,797","2,200",597
2017-06-15,"3,604","2,624","2,029",595
2017-06-16,"2,970","2,105","1,621",484
2017-06-17,"1,546","1,187",957,230
2017-06-18,"1,944","1,465","1,146",319
2017-06-19,"3,608","2,493","1,959",534
2017-06-20,"3,514","2,472","1,905",567
2017-06-21,"3,344","2,475","1,915",560
2017-06-22,"3,292","2,351","1,824",527
2017-06-23,"2,469","1,850","1,445",405
2017-06-24,"1,296",925,702,223
2017-06-25,"1,546","1,071",811,260
2017-06-26,"2,948","1,998","1,528",470
2017-06-27,"3,077","2,190","1,690",500
2017-06-28,"3,028","2,145","1,649",496
2017-06-29,"2,738","1,976","1,474",502
2017-06-30,"2,147","1,478","1,087",391
2017-07-01,"1,277",903,675,228
2017-07-02,"1,606","1,142",879,263
2017-07-03,"2,504","1,726","1,296",430
2017-07-04,"2,218","1,566","1,217",349
2017-07-05,"3,024","2,149","1,681",468
2017-07-06,"2,951","2,047","1,555",492
2017-07-07,"2,401","1,693","1,310",383
2017-07-08,"1,242",891,700,191
2017-07-09,"1,511","1,172",938,234
2017-07-10,"2,934","2,062","1,619",443
2017-07-11,"3,003","2,140","1,663",477
2017-07-12,"3,073","2,192","1,710",482
2017-07-13,"2,933","2,043","1,550",493
2017-07-14,"2,468","1,710","1,287",423
2017-07-15,"1,355",892,689,203
2017-07-16,"1,553","1,122",891,231
2017-07-17,"2,902","1,954","1,479",475
2017-07-18,"2,899","2,109","1,591",518
2017-07-19,"2,986","2,032","1,584",448
2017-07-20,"2,964","2,031","1,571",460
2017-07-21,"2,433","1,609","1,214",395
2017-07-22,"1,280",923,725,198
2017-07-23,"1,603","1,170",909,261
2017-07-24,"3,154","2,214","1,726",488
2017-07-25,"3,084","2,148","1,666",482
2017-07-26,"2,983","1,925","1,490",435
2017-07-27,"2,849","1,908","1,440",468
2017-07-28,"2,420","1,538","1,150",388
2017-07-29,"1,300",895,712,183
2017-07-30,"1,526","1,112",863,249
2017-07-31,"2,872","1,978","1,481",497
2017-08-01,"2,914","1,957","1,463",494
2017-08-02,"2,843","1,994","1,536",458
2017-08-03,"2,649","1,894","1,447",447
2017-08-04,"2,042","1,478","1,150",328
2017-08-05,"1,225",901,681,220
2017-08-06,"1,562","1,045",792,253
2017-08-07,"2,751","1,823","1,398",425
2017-08-08,"2,634","1,868","1,415",453
2017-08-09,"2,704","1,961","1,511",450
2017-08-10,"2,670","1,864","1,463",401
2017-08-11,"2,073","1,498","1,121",377
2017-08-12,"1,240",888,669,219
2017-08-13,"1,530","1,076",811,265
2017-08-14,"2,392","1,704","1,346",358
2017-08-15,"2,675","1,846","1,471",375
2017-08-16,"2,755","1,911","1,436",475
2017-08-17,"2,608","1,824","1,421",403
2017-08-18,"2,163","1,521","1,163",358
2017-08-19,"1,304",951,743,208
2017-08-20,"1,969","1,419","1,156",263
2017-08-21,"2,985","2,069","1,575",494
2017-08-22,"3,087","2,259","1,772",487
2017-08-23,"3,047","2,147","1,704",443
2017-08-24,"2,961","2,026","1,600",426
2017-08-25,"2,293","1,589","1,257",332
2017-08-26,"1,261",934,751,183
2017-08-27,"1,676","1,211",983,228
2017-08-28,"1,786","1,287","1,005",282
2017-08-29,"3,252","2,310","1,845",465
2017-08-30,"3,082","2,179","1,741",438
2017-08-31,"2,721","1,963","1,579",384
2017-09-01,"2,217","1,583","1,235",348
2017-09-02,"1,271",908,730,178
2017-09-03,"1,742","1,197",958,239
2017-09-04,"2,293","1,704","1,380",324
2017-09-05,"3,155","2,289","1,818",471
2017-09-06,"3,159","2,320","1,882",438
2017-09-07,"3,054","2,243","1,777",466
2017-09-08,"2,440","1,848","1,488",360
2017-09-09,"1,532","1,108",924,184
2017-09-10,"2,247","1,657","1,366",291
2017-09-11,"3,570","2,496","2,033",463
2017-09-12,"3,524","2,540","2,075",465
2017-09-13,"3,471","2,473","2,040",433
2017-09-14,"3,303","2,415","1,974",441
2017-09-15,"2,560","1,867","1,519",348
2017-09-16,"1,470","1,090",912,178
2017-09-17,"2,234","1,715","1,446",269
2017-09-18,"3,504","2,596","2,123",473
2017-09-19,"3,984","2,840","2,382",458
2017-09-20,"3,746","2,660","2,188",472
2017-09-21,"3,524","2,667","2,143",524
2017-09-22,"2,639","1,944","1,591",353
2017-09-23,"1,523","1,178",975,203
2017-09-24,"2,425","1,809","1,521",288
2017-09-25,"3,671","2,705","2,202",503
2017-09-26,"3,669","2,780","2,306",474
2017-09-27,"3,537","2,657","2,211",446
2017-09-28,"3,413","2,507","2,048",459
2017-09-29,"2,699","1,902","1,554",348
2017-09-30,"1,829","1,289","1,058",231
2017-10-01,"2,379","1,812","1,507",305
2017-10-02,"3,637","2,669","2,221",448
2017-10-03,"3,775","2,787","2,253",534
2017-10-04,"3,572","2,731","2,245",486
2017-10-05,"3,605","2,695","2,230",465
2017-10-06,"2,774","2,078","1,670",408
2017-10-07,"1,780","1,354","1,106",248
2017-10-08,"2,469","1,884","1,571",313
2017-10-09,"3,881","2,869","2,348",521
2017-10-10,"3,767","2,785","2,296",489
2017-10-11,"4,082","2,924","2,335",589
2017-10-12,"4,047","2,768","2,240",528
2017-10-13,"2,877","2,114","1,706",408
2017-10-14,"2,073","1,559","1,298",261
2017-10-15,"2,759","2,066","1,739",327
2017-10-16,"3,817","2,880","2,344",536
2017-10-17,"3,949","2,930","2,402",528
2017-10-18,"3,867","2,896","2,395",501
2017-10-19,"3,621","2,582","2,119",463
2017-10-20,"2,978","2,220","1,772",448
2017-10-21,"1,992","1,434","1,158",276
2017-10-22,"2,851","2,142","1,779",363
2017-10-23,"4,390","3,177","2,651",526
2017-10-24,"3,886","2,938","2,406",532
2017-10-25,"3,424","2,477","2,017",460
2017-10-26,"4,207","3,087","2,561",526
2017-10-27,"3,345","2,478","1,984",494
2017-10-28,"2,128","1,567","1,277",290
2017-10-29,"2,205","1,637","1,319",318
2017-10-30,"4,091","2,999","2,453",546
2017-10-31,"4,223","3,143","2,555",588
2017-11-01,"4,361","3,147","2,554",593
2017-11-02,"4,263","3,103","2,513",590
2017-11-03,"3,341","2,397","1,903",494
2017-11-04,"2,278","1,634","1,307",327
2017-11-05,"3,097","2,299","1,888",411
2017-11-06,"4,185","3,113","2,538",575
2017-11-07,"4,477","3,341","2,689",652
2017-11-08,"4,354","3,227","2,579",648
2017-11-09,"4,194","3,005","2,401",604
2017-11-10,"3,240","2,319","1,833",486
2017-11-11,"2,424","1,613","1,283",330
2017-11-12,"3,168","2,309","1,853",456
2017-11-13,"4,709","3,433","2,784",649
2017-11-14,"4,634","3,373","2,727",646
2017-11-15,"4,545","3,345","2,681",664
2017-11-16,"4,532","3,332","2,693",639
2017-11-17,"3,317","2,508","2,018",490
2017-11-18,"2,449","1,741","1,386",355
2017-11-19,"2,893","2,231","1,780",451
2017-11-20,"4,170","3,135","2,555",580
2017-11-21,"4,277","3,026","2,419",607
2017-11-22,"3,588","2,625","2,078",547
2017-11-23,"3,141","2,237","1,760",477
2017-11-24,"2,658","1,843","1,429",414
2017-11-25,"2,391","1,652","1,327",325
2017-11-26,"3,202","2,354","1,901",453
2017-11-27,"4,349","3,251","2,601",650
2017-11-28,"4,886","3,660","2,968",692
2017-11-29,"4,555","3,484","2,824",660
2017-11-30,"4,477","3,134","2,530",604
2017-12-01,"3,577","2,603","2,056",547
2017-12-02,"2,430","1,827","1,461",366
2017-12-03,"3,449","2,504","2,006",498
2017-12-04,"4,955","3,673","3,019",654
2017-12-05,"4,475","3,435","2,775",660
2017-12-06,"4,595","3,452","2,766",686
2017-12-07,"4,451","3,199","2,563",636
2017-12-08,"3,418","2,549","2,037",512
2017-12-09,"2,605","1,944","1,572",372
2017-12-10,"3,483","2,607","2,102",505
2017-12-11,"4,651","3,350","2,656",694
2017-12-12,"4,029","3,011","2,351",660
2017-12-13,"4,282","3,205","2,609",596
2017-12-14,"4,138","2,930","2,315",615
2017-12-15,"4,130","2,803","2,211",592
2017-12-16,"2,581","1,761","1,429",332
2017-12-17,"3,355","2,300","1,876",424
2017-12-18,"4,482","3,109","2,491",618
2017-12-19,"4,584","3,021","2,456",565
2017-12-20,"4,106","2,661","2,133",528
2017-12-21,"3,378","2,243","1,798",445
2017-12-22,"2,446","1,544","1,211",333
2017-12-23,"1,447",958,753,205
2017-12-24,"1,326",895,696,199
2017-12-25,"1,609","1,015",809,206
2017-12-26,"2,481","1,438","1,105",333
2017-12-27,"2,798","1,740","1,350",390
2017-12-28,"2,809","1,797","1,425",372
2017-12-29,"2,216","1,410","1,083",327
2017-12-30,"1,546","1,071",839,232
2017-12-31,"1,339",923,724,199
2018-01-01,"1,709","1,120",878,242
2018-01-02,"3,389","2,208","1,755",453
2018-01-03,"3,391","2,282","1,827",455
2018-01-04,"3,698","2,310","1,878",432
2018-01-05,"3,511","2,272","1,801",471
2018-01-06,"2,279","1,498","1,196",302
2018-01-07,"2,822","1,869","1,495",374
2018-01-08,"4,240","2,784","2,186",598
2018-01-09,"4,319","2,844","2,302",542
2018-01-10,"4,224","2,866","2,304",562
2018-01-11,"3,797","2,704","2,203",501
2018-01-12,"3,190","2,127","1,692",435
2018-01-13,"1,998","1,373","1,128",245
2018-01-14,"2,515","1,711","1,393",318
2018-01-15,"3,950","2,612","2,065",547
2018-01-16,"4,033","2,631","2,133",498
2018-01-17,"4,269","2,812","2,285",527
2018-01-18,"4,124","2,677","2,157",520
2018-01-19,"3,228","2,198","1,763",435
2018-01-20,"2,287","1,423","1,160",263
2018-01-21,"2,946","1,996","1,628",368
2018-01-22,"4,608","3,035","2,534",501
2018-01-23,"4,786","3,154","2,566",588
2018-01-24,"4,724","3,244","2,680",564
2018-01-25,"4,417","2,875","2,348",527
2018-01-26,"3,580","2,314","1,825",489
2018-01-27,"2,345","1,544","1,229",315
2018-01-28,"3,170","2,140","1,776",364
2018-01-29,"4,862","3,194","2,573",621
2018-01-30,"4,600","3,106","2,504",602
2018-01-31,"4,705","3,249","2,704",545
2018-02-01,"4,723","3,164","2,571",593
2018-02-02,"3,969","2,572","2,104",468
2018-02-03,"2,994","2,034","1,702",332
2018-02-04,"3,162","2,186","1,811",375
2018-02-05,"4,949","3,287","2,735",552
2018-02-06,"5,092","3,465","2,838",627
2018-02-07,"4,767","3,319","2,729",590
2018-02-08,"4,625","3,179","2,603",576
2018-02-09,"3,738","2,477","2,015",462
2018-02-10,"2,739","1,793","1,477",316
2018-02-11,"3,923","2,476","2,077",399
2018-02-12,"5,341","3,687","3,045",642
2018-02-13,"5,114","3,460","2,836",624
2018-02-14,"4,896","3,214","2,568",646
2018-02-15,"4,502","3,050","2,507",543
2018-02-16,"3,729","2,518","2,012",506
2018-02-17,"2,388","1,618","1,319",299
2018-02-18,"3,405","2,314","1,928",386
2018-02-19,"5,176","3,620","2,971",649
2018-02-20,"5,429","3,597","2,978",619
2018-02-21,"5,120","3,448","2,869",579
2018-02-22,"4,993","3,379","2,774",605
2018-02-23,"4,148","2,751","2,221",530
2018-02-24,"2,763","1,981","1,648",333
2018-02-25,"3,599","2,446","2,011",435
2018-02-26,"5,542","3,728","3,052",676
2018-02-27,"5,378","3,764","3,123",641
2018-02-28,"5,536","3,734","3,095",639
2018-03-01,"4,984","3,315","2,713",602
2018-03-02,"4,130","2,754","2,231",523
2018-03-03,"2,818","1,922","1,579",343
2018-03-04,"3,978","2,699","2,249",450
2018-03-05,"5,502","3,727","3,019",708
2018-03-06,"5,740","3,842","3,160",682
2018-03-07,"5,635","3,734","3,037",697
2018-03-08,"5,375","3,704","3,044",660
2018-03-09,"4,273","3,038","2,490",548
2018-03-10,"3,223","2,305","1,918",387
2018-03-11,"3,956","2,727","2,288",439
2018-03-12,"5,895","4,141","3,447",694
2018-03-13,"6,152","4,207","3,398",809
2018-03-14,"5,906","4,021","3,305",716
2018-03-15,"6,300","4,061","3,279",782
2018-03-16,"4,915","3,259","2,673",586
2018-03-17,"3,218","2,161","1,818",343
2018-03-18,"4,429","2,919","2,435",484
2018-03-19,"5,739","4,038","3,316",722
2018-03-20,"6,220","4,292","3,553",739
2018-03-21,"6,238","4,163","3,396",767
2018-03-22,"6,226","4,251","3,595",656
2018-03-23,"4,364","2,994","2,457",537
2018-03-24,"2,882","2,021","1,682",339
2018-03-25,"4,010","2,748","2,263",485
2018-03-26,"6,084","3,995","3,289",706
2018-03-27,"5,874","4,147","3,446",701
2018-03-28,"5,719","3,917","3,288",629
2018-03-29,"5,003","3,396","2,812",584
2018-03-30,"3,605","2,541","2,062",479
2018-03-31,"2,811","1,901","1,512",389
2018-04-01,"3,567","2,438","1,956",482
2018-04-02,"5,237","3,542","2,875",667
2018-04-03,"6,154","4,126","3,438",688
2018-04-04,"5,895","4,112","3,418",694
2018-04-05,"5,858","3,943","3,232",711
2018-04-06,"5,034","3,348","2,749",599
2018-04-07,"3,613","2,291","1,840",451
2018-04-08,"4,389","3,059","2,530",529
2018-04-09,"6,278","4,290","3,546",744
2018-04-10,"6,836","4,514","3,747",767
2018-04-11,"6,731","4,596","3,759",837
2018-04-12,"6,287","4,332","3,563",769
2018-04-13,"5,089","3,454","2,850",604
2018-04-14,"3,812","2,542","2,094",448
2018-04-15,"5,290","3,538","2,914",624
2018-04-16,"7,161","4,993","4,188",805
2018-04-17,"7,352","4,939","4,058",881
2018-04-18,"7,218","4,842","4,001",841
2018-04-19,"7,040","4,672","3,895",777
2018-04-20,"5,367","3,728","3,029",699
2018-04-21,"4,021","2,749","2,253",496
2018-04-22,"5,397","3,722","3,059",663
2018-04-23,"7,605","5,124","4,216",908
2018-04-24,"7,614","5,094","4,181",913
2018-04-25,"7,984","5,541","4,616",925
2018-04-26,"7,040","4,823","3,957",866
2018-04-27,"5,628","3,749","3,095",654
2018-04-28,"3,926","2,618","2,141",477
2018-04-29,"5,479","3,635","3,057",578
2018-04-30,"6,670","4,584","3,784",800
2018-05-01,"6,783","4,542","3,742",800
2018-05-02,"7,105","4,865","4,013",852
2018-05-03,"6,877","4,702","3,854",848
2018-05-04,"5,460","3,711","3,039",672
2018-05-05,"3,648","2,568","2,058",510
2018-05-06,"4,917","3,311","2,737",574
2018-05-07,"6,980","4,654","3,881",773
2018-05-08,"6,702","4,577","3,700",877
2018-05-09,"6,699","4,488","3,581",907
2018-05-10,"6,001","4,059","3,265",794
2018-05-11,"5,094","3,454","2,766",688
2018-05-12,"3,179","2,237","1,821",416
2018-05-13,"4,169","2,912","2,413",499
2018-05-14,"6,392","4,388","3,637",751
2018-05-15,"5,878","4,094","3,384",710
2018-05-16,"5,800","3,976","3,266",710
2018-05-17,"5,690","4,023","3,254",769
2018-05-18,"4,314","2,986","2,400",586
2018-05-19,"2,948","2,117","1,735",382
2018-05-20,"3,864","2,674","2,155",519
2018-05-21,"5,499","3,708","3,005",703
2018-05-22,"5,790","4,040","3,269",771
2018-05-23,"5,720","3,971","3,206",765
2018-05-24,"5,692","3,675","2,965",710
2018-05-25,"4,082","2,803","2,188",615
2018-05-26,"2,716","1,965","1,597",368
2018-05-27,"3,430","2,374","1,887",487
2018-05-28,"4,353","2,994","2,392",602
2018-05-29,"5,525","3,777","3,112",665
2018-05-30,"5,407","3,574","2,908",666
2018-05-31,"4,994","3,485","2,792",693
2018-06-01,"3,835","2,681","2,172",509
2018-06-02,"2,511","1,750","1,423",327
2018-06-03,"3,371","2,308","1,891",417
2018-06-04,"5,226","3,399","2,741",658
2018-06-05,"5,139","3,453","2,811",642
2018-06-06,"5,051","3,474","2,828",646
2018-06-07,"4,787","3,283","2,685",598
2018-06-08,"3,956","2,670","2,107",563
2018-06-09,"2,303","1,589","1,278",311
2018-06-10,"3,011","2,091","1,717",374
2018-06-11,"4,896","3,326","2,714",612
2018-06-12,"4,952","3,309","2,624",685
2018-06-13,"4,570","3,099","2,439",660
2018-06-14,"4,542","2,962","2,377",585
2018-06-15,"3,383","2,320","1,847",473
2018-06-16,"1,922","1,316","1,061",255
2018-06-17,"2,404","1,677","1,361",316
2018-06-18,"4,576","2,964","2,313",651
2018-06-19,"4,727","3,144","2,519",625
2018-06-20,"4,639","2,989","2,370",619
2018-06-21,"4,108","2,762","2,154",608
2018-06-22,"3,372","2,207","1,744",463
2018-06-23,"1,996","1,277",989,288
2018-06-24,"2,415","1,619","1,266",353
2018-06-25,"4,457","2,881","2,272",609
2018-06-26,"4,736","3,039","2,410",629
2018-06-27,"4,245","2,818","2,244",574
2018-06-28,"4,081","2,785","2,160",625
2018-06-29,"3,053","2,008","1,568",440
2018-06-30,"1,741","1,147",927,220
2018-07-01,"2,186","1,447","1,140",307
2018-07-02,"4,026","2,533","1,952",581
2018-07-03,"3,961","2,515","1,966",549
2018-07-04,"3,019","2,032","1,595",437
2018-07-05,"3,743","2,496","1,997",499
2018-07-06,"3,050","1,995","1,575",420
2018-07-07,"1,688","1,080",857,223
2018-07-08,"2,185","1,440","1,145",295
2018-07-09,"4,104","2,576","2,016",560
2018-07-10,"4,097","2,694","2,059",635
2018-07-11,"3,844","2,506","1,895",611
2018-07-12,"3,743","2,530","2,001",529
2018-07-13,"3,073","2,068","1,581",487
2018-07-14,"1,852","1,249",992,257
2018-07-15,"2,105","1,474","1,173",301
2018-07-16,"4,078","2,657","2,095",562
2018-07-17,"4,515","2,856","2,255",601
2018-07-18,"4,276","2,779","2,173",606
2018-07-19,"4,043","2,705","2,114",591
2018-07-20,"3,004","2,028","1,576",452
2018-07-21,"1,664","1,177",942,235
2018-07-22,"2,248","1,561","1,246",315
2018-07-23,"4,062","2,658","2,081",577
2018-07-24,"4,053","2,680","2,091",589
2018-07-25,"3,628","2,431","1,879",552
2018-07-26,"3,596","2,415","1,925",490
2018-07-27,"3,140","2,002","1,539",463
2018-07-28,"1,938","1,304","1,054",250
2018-07-29,"2,460","1,699","1,364",335
2018-07-30,"4,175","2,771","2,166",605
2018-07-31,"4,113","2,881","2,310",571
2018-08-01,"4,273","2,901","2,310",591
2018-08-02,"4,194","2,754","2,202",552
2018-08-03,"3,405","2,345","1,833",512
2018-08-04,"1,800","1,251","1,025",226
2018-08-05,"2,378","1,694","1,388",306
2018-08-06,"4,319","2,856","2,233",623
2018-08-07,"4,388","2,971","2,375",596
2018-08-08,"4,205","2,724","2,118",606
2018-08-09,"3,973","2,555","1,998",557
2018-08-10,"3,510","2,224","1,777",447
2018-08-11,"1,913","1,281","1,012",269
2018-08-12,"2,397","1,644","1,284",360
2018-08-13,"4,348","2,789","2,224",565
2018-08-14,"3,966","2,688","2,127",561
2018-08-15,"3,805","2,544","2,035",509
2018-08-16,"3,866","2,604","2,074",530
2018-08-17,"3,489","2,219","1,737",482
2018-08-18,"2,074","1,394","1,108",286
2018-08-19,"2,519","1,687","1,318",369
2018-08-20,"4,202","2,734","2,128",606
2018-08-21,"4,023","2,711","2,147",564
2018-08-22,"4,048","2,685","2,121",564
2018-08-23,"4,150","2,860","2,249",611
2018-08-24,"3,154","2,199","1,742",457
2018-08-25,"2,143","1,317","1,012",305
2018-08-26,"2,576","1,705","1,372",333
2018-08-27,"4,317","2,954","2,367",587
2018-08-28,"4,421","3,023","2,427",596
2018-08-29,"4,563","3,019","2,395",624
2018-08-30,"4,055","2,798","2,265",533
2018-08-31,"3,427","2,305","1,815",490
2018-09-01,"1,731","1,241",989,252
2018-09-02,"2,258","1,641","1,293",348
2018-09-03,"3,655","2,499","2,032",467
2018-09-04,"4,456","2,995","2,435",560
2018-09-05,"4,566","3,042","2,456",586
2018-09-06,"4,314","3,049","2,508",541
2018-09-07,"3,557","2,349","1,890",459
2018-09-08,"2,281","1,548","1,255",293
2018-09-09,"3,346","2,255","1,906",349
2018-09-10,"4,711","3,200","2,600",600
2018-09-11,"4,709","3,134","2,595",539
2018-09-12,"4,379","3,032","2,464",568
2018-09-13,"4,357","2,870","2,325",545
2018-09-14,"3,560","2,396","1,907",489
2018-09-15,"2,049","1,488","1,244",244
2018-09-16,"2,813","1,934","1,614",320
2018-09-17,"5,064","3,241","2,621",620
2018-09-18,"5,006","3,221","2,595",626
2018-09-19,"4,949","3,282","2,708",574
2018-09-20,"4,695","3,165","2,573",592
2018-09-21,"3,516","2,383","1,933",450
2018-09-22,"2,460","1,704","1,374",330
2018-09-23,"2,994","2,127","1,733",394
2018-09-24,"4,688","3,273","2,679",594
2018-09-25,"4,924","3,481","2,885",596
2018-09-26,"5,209","3,546","2,936",610
2018-09-27,"5,966","4,029","3,385",644
2018-09-28,"4,740","3,171","2,643",528
2018-09-29,"2,715","1,870","1,618",252
2018-09-30,"3,739","2,573","2,194",379
2018-10-01,"5,841","3,982","3,331",651
2018-10-02,"5,881","4,096","3,514",582
2018-10-03,"5,540","3,863","3,249",614
2018-10-04,"5,636","3,894","3,306",588
2018-10-05,"4,479","3,120","2,638",482
2018-10-06,"3,076","2,094","1,750",344
2018-10-07,"3,973","2,865","2,457",408
2018-10-08,"6,045","4,310","3,659",651
2018-10-09,"6,126","4,173","3,522",651
2018-10-10,"6,084","4,319","3,616",703
2018-10-11,"6,154","4,254","3,632",622
2018-10-12,"4,868","3,385","2,784",601
2018-10-13,"3,409","2,379","2,006",373
2018-10-14,"4,722","3,357","2,859",498
2018-10-15,"6,555","4,550","3,766",784
2018-10-16,"7,079","4,652","3,893",759
2018-10-17,"6,691","4,673","3,893",780
2018-10-18,"6,522","4,398","3,666",732
2018-10-19,"4,922","3,390","2,857",533
2018-10-20,"3,409","2,399","1,990",409
2018-10-21,"4,483","3,092","2,623",469
2018-10-22,"6,666","4,499","3,769",730
2018-10-23,"6,991","4,677","3,916",761
2018-10-24,"6,871","4,619","3,808",811
2018-10-25,"6,357","4,331","3,579",752
2018-10-26,"5,114","3,468","2,827",641
2018-10-27,"3,456","2,400","2,006",394
2018-10-28,"4,924","3,251","2,735",516
2018-10-29,"6,837","4,704","3,890",814
2018-10-30,"6,481","4,547","3,798",749
2018-10-31,"6,296","4,316","3,545",771
2018-11-01,"6,044","3,988","3,299",689
2018-11-02,"4,860","3,326","2,738",588
2018-11-03,"3,430","2,289","1,946",343
2018-11-04,"4,638","3,236","2,744",492
2018-11-05,"6,365","4,329","3,609",720
2018-11-06,"6,330","4,291","3,556",735
2018-11-07,"5,865","3,937","3,267",670
2018-11-08,"5,692","3,938","3,298",640
2018-11-09,"5,026","3,533","2,917",616
2018-11-10,"3,506","2,428","2,018",410
2018-11-11,"4,778","3,265","2,709",556
2018-11-12,"6,684","4,592","3,795",797
2018-11-13,"6,766","4,720","3,918",802
2018-11-14,"6,916","4,674","3,872",802
2018-11-15,"6,440","4,379","3,634",745
2018-11-16,"5,066","3,497","2,863",634
2018-11-17,"3,503","2,489","2,043",446
2018-11-18,"4,855","3,321","2,691",630
2018-11-19,"6,818","4,601","3,795",806
2018-11-20,"6,239","4,424","3,640",784
2018-11-21,"5,471","3,904","3,194",710
2018-11-22,"4,453","3,186","2,592",594
2018-11-23,"4,062","2,892","2,347",545
2018-11-24,"3,485","2,445","1,987",458
2018-11-25,"4,906","3,371","2,815",556
2018-11-26,"7,099","4,871","4,012",859
2018-11-27,"7,503","5,181","4,267",914
2018-11-28,"7,554","5,227","4,330",897
2018-11-29,"7,169","4,944","4,106",838
2018-11-30,"5,608","3,895","3,211",684
2018-12-01,"4,055","2,800","2,306",494
2018-12-02,"5,611","3,906","3,259",647
2018-12-03,"7,650","5,378","4,431",947
2018-12-04,"7,372","5,225","4,328",897
2018-12-05,"7,369","5,166","4,316",850
2018-12-06,"7,250","5,093","4,213",880
2018-12-07,"5,735","4,032","3,296",736
2018-12-08,"4,614","3,240","2,699",541
2018-12-09,"5,979","4,062","3,352",710
2018-12-10,"7,840","5,421","4,465",956
2018-12-11,"7,659","5,267","4,330",937
2018-12-12,"7,319","4,983","4,010",973
2018-12-13,"6,373","4,452","3,620",832
2018-12-14,"4,897","3,404","2,776",628
2018-12-15,"3,325","2,209","1,833",376
2018-12-16,"3,874","2,671","2,206",465
2018-12-17,"5,436","3,791","3,062",729
2018-12-18,"5,174","3,562","2,945",617
2018-12-19,"4,873","3,255","2,632",623
2018-12-20,"3,913","2,716","2,164",552
2018-12-21,"2,934","1,979","1,543",436
2018-12-22,"1,523","1,074",846,228
2018-12-23,"1,859","1,223",997,226
2018-12-24,"1,835","1,310","1,019",291
2018-12-25,"1,852","1,214",955,259
2018-12-26,"2,357","1,594","1,243",351
2018-12-27,"2,583","1,783","1,418",365
2018-12-28,"2,477","1,613","1,279",334
2018-12-29,"1,694","1,197",990,207
2018-12-30,"1,985","1,340","1,097",243
2018-12-31,"1,723","1,159",874,285
2019-01-01,"1,715","1,168",891,277
2019-01-02,"3,431","2,361","1,899",462
2019-01-03,"4,118","2,793","2,259",534
2019-01-04,"3,504","2,373","1,936",437
2019-01-05,"2,308","1,609","1,348",261
2019-01-06,"2,925","2,046","1,648",398
2019-01-07,"4,587","3,100","2,550",550
2019-01-08,"4,731","3,182","2,585",597
2019-01-09,"4,831","3,245","2,660",585
2019-01-10,"4,162","2,836","2,298",538
2019-01-11,"3,726","2,476","1,999",477
2019-01-12,"2,458","1,722","1,413",309
2019-01-13,"3,266","2,264","1,878",386
2019-01-14,"5,016","3,348","2,760",588
2019-01-15,"4,732","3,320","2,738",582
2019-01-16,"4,938","3,447","2,845",602
2019-01-17,"5,033","3,516","2,967",549
2019-01-18,"4,114","2,731","2,236",495
2019-01-19,"2,780","1,929","1,599",330
2019-01-20,"4,205","2,367","1,974",393
2019-01-21,"4,983","3,391","2,783",608
2019-01-22,"5,182","3,674","3,052",622
2019-01-23,"5,316","3,856","3,199",657
2019-01-24,"5,021","3,462","2,853",609
2019-01-25,"4,230","2,882","2,382",500
2019-01-26,"2,743","1,882","1,541",341
2019-01-27,"3,890","2,622","2,232",390
2019-01-28,"5,575","3,925","3,232",693
2019-01-29,"5,732","3,866","3,260",606
2019-01-30,"5,402","3,759","3,134",625
2019-01-31,"5,069","3,597","2,984",613
2019-02-01,"4,222","2,923","2,364",559
2019-02-02,"2,864","1,902","1,596",306
2019-02-03,"3,598","2,447","2,044",403
2019-02-04,"5,366","3,767","3,146",621
2019-02-05,"5,427","3,757","3,124",633
2019-02-06,"5,667","3,759","3,130",629
2019-02-07,"5,517","3,763","3,069",694
2019-02-08,"4,420","2,943","2,429",514
2019-02-09,"3,150","2,274","1,911",363
2019-02-10,"4,264","2,962","2,470",492
2019-02-11,"6,569","4,276","3,566",710
2019-02-12,"6,145","4,092","3,391",701
2019-02-13,"5,743","3,932","3,236",696
2019-02-14,"5,512","3,762","3,075",687
2019-02-15,"4,127","2,952","2,377",575
2019-02-16,"3,309","2,195","1,809",386
2019-02-17,"3,761","2,669","2,217",452
2019-02-18,"5,592","3,912","3,226",686
2019-02-19,"6,100","4,322","3,575",747
2019-02-20,"6,208","4,265","3,543",722
2019-02-21,"5,730","4,071","3,352",719
2019-02-22,"4,372","3,073","2,508",565
2019-02-23,"3,378","2,259","1,871",388
2019-02-24,"4,367","3,012","2,524",488
2019-02-25,"6,318","4,424","3,678",746
2019-02-26,"6,431","4,304","3,530",774
2019-02-27,"5,919","4,205","3,442",763
2019-02-28,"5,668","3,966","3,266",700
2019-03-01,"4,581","3,178","2,594",584
2019-03-02,"3,383","2,263","1,878",385
2019-03-03,"4,311","3,005","2,476",529
2019-03-04,"6,357","4,214","3,443",771
2019-03-05,"6,092","4,092","3,343",749
2019-03-06,"5,772","4,070","3,340",730
2019-03-07,"5,861","4,064","3,330",734
2019-03-08,"4,600","3,147","2,590",557
2019-03-09,"3,390","2,218","1,849",369
2019-03-10,"4,099","2,898","2,397",501
2019-03-11,"6,240","4,320","3,599",721
2019-03-12,"5,871","4,127","3,375",752
2019-03-13,"6,381","4,506","3,726",780
2019-03-14,"5,853","4,043","3,328",715
2019-03-15,"4,425","3,116","2,499",617
2019-03-16,"2,961","2,099","1,685",414
2019-03-17,"4,008","2,744","2,258",486
2019-03-18,"5,830","4,040","3,319",721
2019-03-19,"6,089","4,164","3,448",716
2019-03-20,"5,800","3,946","3,192",754
2019-03-21,"5,431","3,761","3,100",661
2019-03-22,"4,560","3,071","2,543",528
2019-03-23,"3,256","2,254","1,859",395
2019-03-24,"4,156","2,858","2,386",472
2019-03-25,"6,060","4,232","3,469",763
2019-03-26,"6,191","4,344","3,578",766
2019-03-27,"6,678","4,612","3,842",770
2019-03-28,"6,167","4,086","3,361",725
2019-03-29,"4,441","3,147","2,601",546
2019-03-30,"3,243","2,325","1,949",376
2019-03-31,"4,260","3,039","2,543",496
2019-04-01,"6,078","4,238","3,550",688
2019-04-02,"6,824","4,656","3,833",823
2019-04-03,"6,621","4,727","3,942",785
2019-04-04,"6,231","4,343","3,647",696
2019-04-05,"4,776","3,346","2,719",627
2019-04-06,"3,148","2,319","1,924",395
2019-04-07,"4,357","3,050","2,511",539
2019-04-08,"6,794","4,738","3,960",778
2019-04-09,"6,688","4,505","3,736",769
2019-04-10,"6,570","4,448","3,646",802
2019-04-11,"6,113","4,264","3,504",760
2019-04-12,"4,856","3,336","2,726",610
2019-04-13,"3,401","2,409","2,011",398
2019-04-14,"4,551","3,197","2,600",597
2019-04-15,"6,614","4,773","3,967",806
2019-04-16,"7,019","4,837","4,037",800
2019-04-17,"6,643","4,470","3,681",789
2019-04-18,"5,398","3,825","3,133",692
2019-04-19,"4,323","2,981","2,482",499
2019-04-20,"3,546","2,442","2,020",422
2019-04-21,"4,312","3,045","2,534",511
2019-04-22,"6,363","4,520","3,729",791
2019-04-23,"6,797","4,968","4,147",821
2019-04-24,"7,144","5,002","4,136",866
2019-04-25,"6,555","4,621","3,804",817
2019-04-26,"5,400","3,780","3,089",691
2019-04-27,"3,710","2,465","2,038",427
2019-04-28,"4,788","3,294","2,728",566
2019-04-29,"6,232","4,340","3,578",762
2019-04-30,"6,093","4,264","3,440",824
2019-05-01,"6,117","4,275","3,556",719
2019-05-02,"6,274","4,153","3,433",720
2019-05-03,"4,774","3,370","2,763",607
2019-05-04,"3,437","2,462","1,999",463
2019-05-05,"4,330","3,009","2,457",552
2019-05-06,"5,902","4,164","3,402",762
2019-05-07,"6,064","4,258","3,469",789
2019-05-08,"5,709","4,049","3,310",739
2019-05-09,"5,596","3,944","3,275",669
2019-05-10,"4,498","3,144","2,494",650
2019-05-11,"3,258","2,119","1,702",417
2019-05-12,"3,571","2,565","2,070",495
2019-05-13,"5,677","3,908","3,136",772
2019-05-14,"5,534","3,669","2,977",692
2019-05-15,"5,391","3,667","2,989",678
2019-05-16,"5,043","3,577","2,953",624
2019-05-17,"3,993","2,795","2,254",541
2019-05-18,"2,565","1,876","1,545",331
2019-05-19,"3,369","2,364","1,954",410
2019-05-20,"4,993","3,442","2,806",636
2019-05-21,"4,728","3,406","2,813",593
2019-05-22,"4,963","3,431","2,772",659
2019-05-23,"4,637","3,243","2,698",545
2019-05-24,"3,694","2,559","2,070",489
2019-05-25,"2,460","1,658","1,347",311
2019-05-26,"3,006","2,064","1,693",371
2019-05-27,"3,992","2,780","2,271",509
2019-05-28,"4,960","3,403","2,767",636
2019-05-29,"4,376","3,115","2,562",553
2019-05-30,"4,143","2,896","2,353",543
2019-05-31,"3,359","2,363","1,909",454
2019-06-01,"2,218","1,474","1,221",253
2019-06-02,"2,768","1,845","1,516",329
2019-06-03,"3,967","2,831","2,295",536
2019-06-04,"4,501","3,008","2,426",582
2019-06-05,"3,973","2,727","2,233",494
2019-06-06,"4,259","2,871","2,312",559
2019-06-07,"3,181","2,313","1,869",444
2019-06-08,"2,170","1,583","1,324",259
2019-06-09,"2,810","1,930","1,586",344
2019-06-10,"4,420","3,030","2,463",567
2019-06-11,"4,793","3,258","2,664",594
2019-06-12,"4,410","3,064","2,479",585
2019-06-13,"4,076","2,844","2,280",564
2019-06-14,"3,287","2,265","1,789",476
2019-06-15,"2,176","1,467","1,201",266
2019-06-16,"2,516","1,747","1,419",328
2019-06-17,"4,142","2,925","2,398",527
2019-06-18,"4,225","3,013","2,461",552
2019-06-19,"4,162","2,882","2,351",531
2019-06-20,"3,716","2,615","2,137",478
2019-06-21,"3,333","2,275","1,853",422
2019-06-22,"1,918","1,360","1,118",242
2019-06-23,"2,344","1,621","1,317",304
2019-06-24,"3,691","2,591","2,149",442
2019-06-25,"4,035","2,770","2,247",523
2019-06-26,"3,939","2,675","2,186",489
2019-06-27,"3,738","2,671","2,197",474
2019-06-28,"2,846","2,021","1,657",364
2019-06-29,"1,733","1,199",983,216
2019-06-30,"2,184","1,494","1,240",254
2019-07-01,"3,512","2,485","2,001",484
2019-07-02,"3,675","2,636","2,163",473
2019-07-03,"3,831","2,579","2,144",435
2019-07-04,"2,801","1,971","1,648",323
2019-07-05,"2,552","1,790","1,446",344
2019-07-06,"1,950","1,291","1,110",181
2019-07-07,"2,110","1,477","1,209",268
2019-07-08,"4,303","2,903","2,383",520
2019-07-09,"3,883","2,799","2,335",464
2019-07-10,"4,244","2,907","2,347",560
2019-07-11,"3,765","2,669","2,150",519
2019-07-12,"3,286","2,276","1,816",460
2019-07-13,"1,851","1,305","1,063",242
2019-07-14,"2,580","1,754","1,433",321
2019-07-15,"4,140","2,911","2,382",529
2019-07-16,"4,076","2,785","2,285",500
2019-07-17,"4,141","2,900","2,360",540
2019-07-18,"3,898","2,774","2,249",525
2019-07-19,"3,027","2,078","1,641",437
2019-07-20,"1,831","1,271","1,033",238
2019-07-21,"2,282","1,617","1,356",261
2019-07-22,"4,138","2,890","2,376",514
2019-07-23,"4,049","2,868","2,344",524
2019-07-24,"4,272","2,963","2,359",604
2019-07-25,"4,089","2,755","2,210",545
2019-07-26,"3,277","2,264","1,842",422
2019-07-27,"1,954","1,308","1,069",239
2019-07-28,"2,111","1,509","1,239",270
2019-07-29,"3,625","2,539","2,053",486
2019-07-30,"4,415","2,906","2,386",520
2019-07-31,"3,854","2,743","2,260",483
2019-08-01,"4,114","2,771","2,262",509
2019-08-02,"3,492","2,280","1,874",406
2019-08-03,"1,849","1,312","1,096",216
2019-08-04,"2,239","1,630","1,347",283
2019-08-05,"3,976","2,664","2,191",473
2019-08-06,"4,061","2,833","2,284",549
2019-08-07,"3,702","2,675","2,215",460
2019-08-08,"3,622","2,553","2,112",441
2019-08-09,"3,039","2,033","1,660",373
2019-08-10,"1,848","1,265","1,049",216
2019-08-11,"2,082","1,502","1,242",260
2019-08-12,"3,807","2,574","2,121",453
2019-08-13,"3,993","2,667","2,215",452
2019-08-14,"3,567","2,517","2,087",430
2019-08-15,"3,484","2,450","2,046",404
2019-08-16,"2,994","2,022","1,663",359
2019-08-17,"1,793","1,276","1,074",202
2019-08-18,"2,422","1,721","1,477",244
2019-08-19,"4,070","2,847","2,371",476
2019-08-20,"3,987","2,800","2,293",507
2019-08-21,"3,355","2,407","1,963",444
2019-08-22,"2,925","1,959","1,627",332
2019-08-23,"3,010","2,143","1,769",374
2019-08-24,"1,896","1,380","1,151",229
2019-08-25,"2,501","1,791","1,497",294
2019-08-26,"3,851","2,714","2,257",457
2019-08-27,"4,403","3,075","2,622",453
2019-08-28,"4,627","3,125","2,623",502
2019-08-29,"4,221","2,982","2,477",505
2019-08-30,"3,025","2,102","1,727",375
2019-08-31,"1,998","1,386","1,179",207
2019-09-01,"2,297","1,645","1,414",231
2019-09-02,"3,192","2,272","1,910",362
2019-09-03,"4,087","2,921","2,434",487
2019-09-04,"4,787","3,348","2,842",506
2019-09-05,"4,483","3,078","2,570",508
2019-09-06,"3,571","2,483","2,095",388
2019-09-07,"2,263","1,566","1,343",223
2019-09-08,"2,948","2,118","1,827",291
2019-09-09,"4,521","3,287","2,785",502
2019-09-10,"4,563","3,251","2,758",493
2019-09-11,"4,598","3,365","2,901",464
2019-09-12,"4,603","3,356","2,868",488
2019-09-13,"3,349","2,508","2,121",387
2019-09-14,"2,437","1,716","1,451",265
2019-09-15,"3,188","2,367","2,082",285
2019-09-16,"5,291","3,839","3,280",559
2019-09-17,"5,477","3,815","3,273",542
2019-09-18,"5,257","3,726","3,222",504
2019-09-19,"5,000","3,500","3,028",472
2019-09-20,"3,890","2,822","2,407",415
2019-09-21,"2,654","1,994","1,739",255
2019-09-22,"3,656","2,640","2,328",312
2019-09-23,"5,223","3,804","3,291",513
2019-09-24,"5,276","3,826","3,287",539
2019-09-25,"5,476","3,838","3,306",532
2019-09-26,"5,196","3,718","3,208",510
2019-09-27,"4,052","2,863","2,448",415
2019-09-28,"2,635","1,945","1,696",249
2019-09-29,"4,076","2,895","2,541",354
2019-09-30,"5,167","3,754","3,216",538
2019-10-01,"4,972","3,634","3,082",552
2019-10-02,"5,143","3,683","3,209",474
2019-10-03,"4,753","3,454","2,941",513
2019-10-04,"3,795","2,854","2,440",414
2019-10-05,"2,920","2,118","1,827",291
2019-10-06,"3,950","2,850","2,471",379
2019-10-07,"5,493","3,929","3,432",497
2019-10-08,"5,652","4,186","3,705",481
2019-10-09,"5,617","3,936","3,388",548
2019-10-10,"5,234","3,802","3,261",541
2019-10-11,"4,118","3,147","2,674",473
2019-10-12,"2,863","2,111","1,803",308
2019-10-13,"4,032","3,013","2,645",368
2019-10-14,"5,476","4,022","3,466",556
2019-10-15,"5,542","4,117","3,572",545
2019-10-16,"5,340","3,966","3,403",563
2019-10-17,"5,388","3,905","3,333",572
2019-10-18,"4,309","3,097","2,675",422
2019-10-19,"3,117","2,223","1,897",326
2019-10-20,"4,234","3,081","2,679",402
2019-10-21,"5,698","4,144","3,507",637
2019-10-22,"5,721","4,132","3,536",596
2019-10-23,"6,018","4,446","3,823",623
2019-10-24,"5,563","3,995","3,397",598
2019-10-25,"4,159","2,961","2,461",500
2019-10-26,"2,732","2,057","1,753",304
2019-10-27,"3,901","2,854","2,460",394
2019-10-28,"5,749","4,120","3,529",591
2019-10-29,"5,821","4,140","3,576",564
2019-10-30,"5,647","4,059","3,452",607
2019-10-31,"5,219","3,689","3,180",509
2019-11-01,"4,054","3,010","2,604",406
2019-11-02,"2,815","2,170","1,889",281
2019-11-03,"4,253","3,063","2,603",460
2019-11-04,"5,816","4,184","3,640",544
2019-11-05,"5,843","4,176","3,549",627
2019-11-06,"6,058","4,351","3,672",679
2019-11-07,"6,291","4,489","3,810",679
2019-11-08,"4,604","3,357","2,839",518
2019-11-09,"3,354","2,337","2,000",337
2019-11-10,"4,190","3,075","2,634",441
2019-11-11,"5,931","4,194","3,573",621
2019-11-12,"6,443","4,589","3,877",712
2019-11-13,"5,805","4,275","3,572",703
2019-11-14,"5,753","4,172","3,569",603
2019-11-15,"4,709","3,452","2,927",525
2019-11-16,"3,418","2,506","2,136",370
2019-11-17,"4,821","3,387","2,872",515
2019-11-18,"6,444","4,699","3,985",714
2019-11-19,"6,607","4,772","4,119",653
2019-11-20,"6,726","4,781","4,115",666
2019-11-21,"6,334","4,462","3,840",622
2019-11-22,"4,575","3,214","2,724",490
2019-11-23,"3,414","2,474","2,118",356
2019-11-24,"4,535","3,242","2,787",455
2019-11-25,"5,970","4,467","3,836",631
2019-11-26,"5,630","4,115","3,522",593
2019-11-27,"5,384","3,823","3,225",598
2019-11-28,"4,201","3,223","2,747",476
2019-11-29,"3,799","2,947","2,504",443
2019-11-30,"3,301","2,443","2,053",390
2019-12-01,"4,420","3,308","2,849",459
2019-12-02,"6,384","4,674","4,031",643
2019-12-03,"6,964","4,975","4,285",690
2019-12-04,"6,957","4,959","4,252",707
2019-12-05,"6,350","4,671","3,989",682
2019-12-06,"5,324","3,796","3,258",538
2019-12-07,"3,795","2,760","2,362",398
2019-12-08,"5,013","3,636","3,159",477
2019-12-09,"7,005","5,250","4,569",681
2019-12-10,"6,606","4,791","4,131",660
2019-12-11,"6,686","4,902","4,240",662
2019-12-12,"6,163","4,533","3,871",662
2019-12-13,"4,581","3,272","2,801",471
2019-12-14,"2,930","2,240","1,958",282
2019-12-15,"3,585","2,672","2,280",392
2019-12-16,"4,925","3,653","3,128",525
2019-12-17,"4,743","3,441","2,895",546
2019-12-18,"4,716","3,390","2,918",472
2019-12-19,"3,793","2,821","2,381",440
2019-12-20,"2,688","1,906","1,583",323
2019-12-21,"1,682","1,177","1,020",157
2019-12-22,"1,880","1,411","1,190",221
2019-12-23,"2,451","1,738","1,442",296
2019-12-24,"1,644","1,197",977,220
2019-12-25,"1,483","1,027",851,176
2019-12-26,"1,864","1,355","1,102",253
2019-12-27,"1,927","1,319","1,109",210
2019-12-28,"1,679","1,219","1,019",200
2019-12-29,"1,962","1,299","1,111",188
2019-12-30,"2,469","1,762","1,479",283
2019-12-31,"1,750","1,192","1,005",187
2020-01-01,"1,554","1,105",870,235
2020-01-02,"2,820","2,083","1,754",329
2020-01-03,"2,970","2,180","1,859",321
2020-01-04,"2,111","1,526","1,300",226
2020-01-05,"2,393","1,788","1,514",274
2020-01-06,"3,704","2,770","2,341",429
2020-01-07,"3,760","2,915","2,492",423
2020-01-08,"3,698","2,844","2,402",442
2020-01-09,"4,243","3,374","2,910",464
2020-01-10,"3,177","2,415","2,043",372
2020-01-11,"2,361","1,834","1,581",253
2020-01-12,"2,762","2,238","1,961",277
2020-01-13,"4,298","3,242","2,727",515
2020-01-14,"3,838","2,884","2,450",434
2020-01-15,"3,754","2,864","2,470",394
2020-01-16,"3,817","2,951","2,510",441
2020-01-17,"3,175","2,419","2,006",413
2020-01-18,"2,336","1,927","1,681",246
2020-01-19,"2,597","2,031","1,717",314
2020-01-20,"3,715","2,948","2,505",443
2020-01-21,"4,459","3,501","3,017",484
2020-01-22,"4,483","3,552","3,079",473
2020-01-23,"4,225","3,295","2,805",490
2020-01-24,"3,111","2,484","2,131",353
2020-01-25,"2,353","1,784","1,535",249
2020-01-26,"3,198","2,520","2,213",307
2020-01-27,"4,432","3,539","3,058",481
2020-01-28,"4,664","3,654","3,148",506
2020-01-29,"4,471","3,544","3,025",519
2020-01-30,"4,486","3,499","3,031",468
2020-01-31,"3,527","2,704","2,304",400
2020-02-01,"2,514","1,995","1,728",267
2020-02-02,"2,993","2,409","2,106",303
2020-02-03,"4,728","3,694","3,174",520
2020-02-04,"4,883","3,982","3,472",510
2020-02-05,"5,071","4,061","3,528",533
2020-02-06,"4,638","3,715","3,217",498
2020-02-07,"3,757","2,942","2,512",430
2020-02-08,"2,761","2,193","1,890",303
2020-02-09,"3,423","2,849","2,498",351
2020-02-10,"5,066","4,016","3,464",552
2020-02-11,"4,928","4,045","3,499",546
2020-02-12,"4,996","4,019","3,497",522
2020-02-13,"5,004","3,823","3,188",635
2020-02-14,"3,675","2,949","2,529",420
2020-02-15,"2,556","2,024","1,757",267
2020-02-16,"3,732","2,808","2,361",447
2020-02-17,"4,958","3,951","3,382",569
2020-02-18,"4,869","3,806","3,273",533
2020-02-19,"5,224","4,042","3,495",547
2020-02-20,"4,890","3,748","3,212",536
2020-02-21,"3,678","2,914","2,528",386
2020-02-22,"2,456","2,025","1,759",266
2020-02-23,"3,444","2,708","2,387",321
2020-02-24,"5,000","3,974","3,390",584
2020-02-25,"5,496","4,210","3,601",609
2020-02-26,"5,059","4,014","3,468",546
2020-02-27,"4,813","3,759","3,247",512
2020-02-28,"3,810","3,052","2,569",483
2020-02-29,"2,682","2,169","1,858",311
2020-03-01,"3,332","2,754","2,379",375
2020-03-02,"4,872","3,801","3,264",537
2020-03-03,"5,097","3,956","3,452",504
2020-03-04,"4,714","3,591","3,118",473
2020-03-05,"5,048","3,994","3,428",566
2020-03-06,"3,698","2,843","2,386",457
2020-03-07,"2,670","2,095","1,798",297
2020-03-08,"3,416","2,743","2,362",381
2020-03-09,"4,731","3,830","3,269",561
2020-03-10,"4,820","3,718","3,169",549
2020-03-11,"4,813","3,711","3,182",529
2020-03-12,"4,393","3,508","2,952",556
2020-03-13,"3,316","2,613","2,172",441
2020-03-14,"2,416","1,888","1,569",319
2020-03-15,"2,934","2,251","1,937",314
2020-03-16,"2,732","2,157","1,809",348
2020-03-17,"3,805","3,007","2,525",482
2020-03-18,"3,748","2,976","2,508",468
2020-03-19,"3,678","2,883","2,471",412
2020-03-20,"3,322","2,647","2,239",408
2020-03-21,"2,701","2,049","1,749",300
2020-03-22,"3,263","2,469","2,120",349
2020-03-23,"4,105","3,166","2,690",476
2020-03-24,"4,156","3,247","2,766",481
2020-03-25,"4,153","3,367","2,878",489
2020-03-26,"4,256","3,394","2,944",450
2020-03-27,"3,818","3,002","2,588",414
2020-03-28,"3,045","2,438","2,103",335
2020-03-29,"4,079","3,047","2,603",444
2020-03-30,"4,899","3,852","3,280",572
2020-03-31,"4,943","3,822","3,310",512
2020-04-01,"4,907","3,799","3,317",482
2020-04-02,"4,933","3,838","3,305",533
2020-04-03,"4,665","3,498","2,975",523
2020-04-04,"3,366","2,536","2,175",361
2020-04-05,"3,976","3,045","2,644",401
2020-04-06,"4,981","3,921","3,351",570
2020-04-07,"5,331","4,144","3,552",592
2020-04-08,"5,331","4,203","3,656",547
2020-04-09,"5,063","3,982","3,426",556
2020-04-10,"4,252","3,354","2,869",485
2020-04-11,"3,656","2,712","2,279",433
2020-04-12,"4,152","3,125","2,666",459
2020-04-13,"5,089","3,922","3,379",543
2020-04-14,"5,491","4,314","3,721",593
2020-04-15,"5,665","4,424","3,754",670
2020-04-16,"5,423","4,203","3,592",611
2020-04-17,"4,688","3,682","3,146",536
2020-04-18,"4,055","3,007","2,521",486
2020-04-19,"4,830","3,671","3,057",614
2020-04-20,"5,908","4,517","3,869",648
2020-04-21,"5,633","4,377","3,722",655
2020-04-22,"5,786","4,520","3,856",664
2020-04-23,"5,967","4,758","4,074",684
2020-04-24,"4,937","3,879","3,319",560
2020-04-25,"4,327","3,284","2,814",470
2020-04-26,"5,086","3,964","3,393",571
2020-04-27,"6,038","4,771","4,054",717
2020-04-28,"6,324","4,920","4,210",710
2020-04-29,"6,062","4,735","4,006",729
2020-04-30,"5,520","4,375","3,776",599
2020-05-01,"4,670","3,621","3,068",553
2020-05-02,"4,171","3,145","2,683",462
2020-05-03,"4,716","3,648","3,067",581
2020-05-04,"5,939","4,567","3,882",685
2020-05-05,"6,361","4,900","4,169",731
2020-05-06,"6,659","5,322","4,580",742
2020-05-07,"6,264","4,857","4,067",790
2020-05-08,"5,359","4,202","3,592",610
2020-05-09,"4,593","3,452","2,932",520
2020-05-10,"5,092","3,917","3,338",579
2020-05-11,"6,563","5,112","4,278",834
2020-05-12,"6,124","4,775","4,028",747
2020-05-13,"5,817","4,596","3,886",710
2020-05-14,"6,057","4,583","3,937",646
2020-05-15,"4,958","3,829","3,183",646
2020-05-16,"3,651","2,827","2,384",443
2020-05-17,"4,248","3,291","2,737",554
2020-05-18,"5,624","4,231","3,588",643
2020-05-19,"5,595","4,300","3,666",634
2020-05-20,"5,213","4,106","3,466",640
2020-05-21,"5,156","3,990","3,372",618
2020-05-22,"4,350","3,343","2,816",527
2020-05-23,"3,446","2,696","2,291",405
2020-05-24,"3,945","2,969","2,479",490
2020-05-25,"4,639","3,610","3,054",556
2020-05-26,"5,224","4,069","3,416",653
2020-05-27,"5,242","4,105","3,474",631
2020-05-28,"4,939","3,966","3,371",595
2020-05-29,"4,387","3,486","2,949",537
2020-05-30,"3,327","2,583","2,189",394
2020-05-31,"3,692","2,919","2,482",437
2020-06-01,"4,734","3,707","3,133",574
2020-06-02,"4,727","3,690","3,057",633
2020-06-03,"4,994","3,869","3,239",630
2020-06-04,"4,767","3,733","3,156",577
2020-06-05,"4,124","3,247","2,778",469
2020-06-06,"3,230","2,425","2,045",380
2020-06-07,"3,906","3,049","2,574",475
2020-06-08,"4,895","3,787","3,188",599
2020-06-09,"4,871","3,644","3,050",594
2020-06-10,"4,989","3,857","3,269",588
2020-06-11,"4,633","3,560","3,015",545
2020-06-12,"4,475","3,292","2,757",535
2020-06-13,"2,967","2,304","1,942",362
2020-06-14,"3,507","2,684","2,282",402
2020-06-15,"4,337","3,348","2,794",554
2020-06-16,"4,470","3,461","2,964",497
2020-06-17,"4,439","3,450","2,898",552
2020-06-18,"4,895","3,677","3,132",545
2020-06-19,"3,924","2,911","2,459",452
2020-06-20,"2,827","2,190","1,851",339
2020-06-21,"3,481","2,668","2,256",412
2020-06-22,"4,627","3,493","2,935",558
2020-06-23,"4,561","3,493","2,950",543
2020-06-24,"4,626","3,521","2,982",539
2020-06-25,"4,137","3,215","2,668",547
2020-06-26,"3,555","2,675","2,248",427
2020-06-27,"2,671","1,999","1,680",319
2020-06-28,"3,486","2,635","2,233",402
2020-06-29,"4,000","3,119","2,616",503
2020-06-30,"3,828","3,013","2,553",460
2020-07-01,"3,935","3,049","2,599",450
2020-07-02,"3,633","2,881","2,397",484
2020-07-03,"2,997","2,286","1,932",354
2020-07-04,"2,194","1,704","1,420",284
2020-07-05,"2,948","2,198","1,836",362
2020-07-06,"4,049","3,215","2,724",491
2020-07-07,"3,792","2,998","2,485",513
2020-07-08,"4,029","3,096","2,613",483
2020-07-09,"3,945","3,039","2,587",452
2020-07-10,"3,523","2,620","2,173",447
2020-07-11,"2,646","1,981","1,665",316
2020-07-12,"3,454","2,611","2,213",398
2020-07-13,"3,703","2,916","2,459",457
2020-07-14,"3,680","2,853","2,397",456
2020-07-15,"3,479","2,627","2,196",431
2020-07-16,"3,756","2,916","2,463",453
2020-07-17,"3,289","2,557","2,122",435
2020-07-18,"2,416","1,892","1,606",286
2020-07-19,"2,793","2,197","1,892",305
2020-07-20,"3,749","2,881","2,428",453
2020-07-21,"3,786","2,889","2,450",439
2020-07-22,"4,002","3,039","2,566",473
2020-07-23,"3,823","3,033","2,525",508
2020-07-24,"3,430","2,623","2,262",361
2020-07-25,"2,400","1,767","1,487",280
2020-07-26,"2,835","2,207","1,869",338
2020-07-27,"4,001","3,031","2,523",508
2020-07-28,"3,795","2,969","2,525",444
2020-07-29,"3,903","3,010","2,591",419
2020-07-30,"3,397","2,687","2,265",422
2020-07-31,"3,005","2,317","1,887",430
2020-08-01,"2,305","1,750","1,479",271
2020-08-02,"2,696","1,993","1,701",292
2020-08-03,"3,866","2,814","2,368",446
2020-08-04,"3,826","2,845","2,400",445
2020-08-05,"3,673","2,774","2,334",440
2020-08-06,"3,660","2,625","2,189",436
2020-08-07,"3,136","2,364","1,941",423
2020-08-08,"2,223","1,628","1,354",274
2020-08-09,"2,623","1,941","1,644",297
2020-08-10,"3,638","2,745","2,325",420
2020-08-11,"3,740","2,742","2,258",484
2020-08-12,"3,767","2,904","2,477",427
2020-08-13,"3,621","2,780","2,322",458
2020-08-14,"2,971","2,308","1,922",386
2020-08-15,"2,221","1,696","1,373",323
2020-08-16,"2,724","2,037","1,686",351
2020-08-17,"3,456","2,638","2,181",457
2020-08-18,"3,581","2,683","2,184",499
2020-08-19,"2,064","1,564","1,297",267
