Date,Close/Last,Volume,Open,High,Low
2016-06-14,50,42568290,$49.90 ,$50.10 ,$49.57 
2016-06-15,50,33718830,$49.78 ,$50.12 ,$49.69 
2016-06-16,50,31104460,$49.52 ,$50.47 ,$49.51 
2016-06-17,50,45675100,$50.41 ,$50.43 ,$49.82 
2016-06-20,50,35597220,$50.64 ,$50.83 ,$50.03 
2016-06-21,51,34075570,$50.20 ,$51.43 ,$50.16 
2016-06-22,51,28801660,$51.08 ,$51.46 ,$50.95 
2016-06-23,52,28960330,$51.28 ,$52.06 ,$51.15 
2016-06-24,50,133456500,$49.81 ,$50.94 ,$49.52 
2016-06-27,48,50308070,$49.10 ,$49.15 ,$48.04 
2016-06-28,49,38132040,$48.92 ,$49.47 ,$48.67 
2016-06-29,51,31287260,$49.91 ,$50.72 ,$49.80 
2016-06-30,51,28524020,$50.72 ,$51.30 ,$50.50 
2016-07-01,51,21398770,$51.13 ,$51.72 ,$51.07 
2016-07-05,51,24781550,$50.83 ,$51.28 ,$50.74 
2016-07-06,51,28165990,$50.78 ,$51.54 ,$50.39 
2016-07-07,51,19582210,$51.42 ,$51.61 ,$51.07 
2016-07-08,52,28390820,$51.73 ,$52.36 ,$51.55 
2016-07-11,53,21894550,$52.50 ,$52.83 ,$52.47 
2016-07-12,53,27312600,$52.94 ,$53.40 ,$52.79 
2016-07-13,54,25334860,$53.56 ,$53.86 ,$53.18 
2016-07-14,54,24535370,$53.84 ,$53.99 ,$53.58 
2016-07-15,54,31986450,$53.95 ,$54 ,$53.21 
2016-07-18,54,31087650,$53.70 ,$54.34 ,$53.55 
2016-07-19,53,51870970,$53.71 ,$53.90 ,$52.93 
2016-07-20,56,89835200,$56.15 ,$56.84 ,$55.53 
2016-07-21,56,32752350,$55.98 ,$56.23 ,$55.76 
2016-07-22,57,31900840,$56.08 ,$56.63 ,$55.78 
2016-07-25,57,24313330,$56.47 ,$56.74 ,$56.26 
2016-07-26,57,28028820,$56.52 ,$57.29 ,$56.51 
2016-07-27,56,32283520,$56.61 ,$56.80 ,$56.11 
2016-07-28,56,37246140,$56 ,$56.37 ,$55.72 
2016-07-29,57,30556950,$56.26 ,$56.76 ,$56.05 
2016-08-01,57,26003110,$56.60 ,$56.75 ,$56.14 
2016-08-02,57,35115250,$56.85 ,$56.90 ,$56.31 
2016-08-03,57,22069790,$56.68 ,$57.11 ,$56.49 
2016-08-04,57,26485600,$56.80 ,$57.52 ,$56.67 
2016-08-05,58,28804780,$57.65 ,$58.21 ,$57.45 
2016-08-08,58,19459340,$58.06 ,$58.09 ,$57.78 
2016-08-09,58,16891750,$58.17 ,$58.50 ,$58.02 
2016-08-10,58,15702720,$58.16 ,$58.32 ,$57.82 
2016-08-11,58,18161190,$58.03 ,$58.45 ,$58.03 
2016-08-12,58,21646690,$58.03 ,$58.19 ,$57.62 
2016-08-15,58,18764820,$58.01 ,$58.50 ,$57.96 
2016-08-16,57,20452960,$57.61 ,$57.62 ,$57.27 
2016-08-17,58,18798940,$57.54 ,$57.68 ,$57.23 
2016-08-18,58,14211810,$57.42 ,$57.70 ,$57.27 
2016-08-19,58,17271010,$57.43 ,$57.73 ,$57.20 
2016-08-22,58,15215880,$57.60 ,$57.75 ,$57.26 
2016-08-23,58,18722560,$57.90 ,$58.18 ,$57.85 
2016-08-24,58,17118420,$57.80 ,$58.04 ,$57.72 
2016-08-25,58,18551890,$57.88 ,$58.29 ,$57.78 
2016-08-26,58,20935160,$58.28 ,$58.70 ,$57.69 
2016-08-29,58,16388470,$58.18 ,$58.60 ,$58.10 
2016-08-30,58,16900190,$57.98 ,$58.19 ,$57.61 
2016-08-31,57,20844280,$57.65 ,$57.80 ,$57.30 
2016-09-01,58,26053530,$57.01 ,$57.82 ,$57.01 
2016-09-02,58,18897210,$57.67 ,$58.19 ,$57.42 
2016-09-06,58,16264890,$57.78 ,$57.80 ,$57.21 
2016-09-07,58,17484810,$57.47 ,$57.84 ,$57.41 
2016-09-08,57,20109050,$57.63 ,$57.79 ,$57.18 
2016-09-09,56,35026930,$56.79 ,$57.52 ,$56.21 
2016-09-12,57,29266780,$56 ,$57.21 ,$55.61 
2016-09-13,57,30062330,$56.50 ,$56.65 ,$56.05 
2016-09-14,56,24265700,$56.39 ,$56.63 ,$56.03 
2016-09-15,57,27049520,$56.15 ,$57.35 ,$55.98 
2016-09-16,57,44603890,$57.63 ,$57.63 ,$56.75 
2016-09-19,57,20919450,$57.27 ,$57.75 ,$56.85 
2016-09-20,57,17347740,$57.35 ,$57.35 ,$56.75 
2016-09-21,58,33623490,$57.51 ,$57.85 ,$57.08 
2016-09-22,58,19821760,$57.92 ,$58 ,$57.63 
2016-09-23,57,19941140,$57.87 ,$57.91 ,$57.38 
2016-09-26,57,21184750,$57.08 ,$57.14 ,$56.83 
2016-09-27,58,28029780,$56.93 ,$58.06 ,$56.68 
2016-09-28,58,20523320,$57.88 ,$58.06 ,$57.67 
2016-09-29,57,25389600,$57.81 ,$58.17 ,$57.21 
2016-09-30,58,29877820,$57.57 ,$57.77 ,$57.34 
2016-10-03,57,19156410,$57.41 ,$57.55 ,$57.06 
2016-10-04,57,20061950,$57.27 ,$57.60 ,$56.97 
2016-10-05,58,16708620,$57.29 ,$57.96 ,$57.26 
2016-10-06,58,16194470,$57.74 ,$57.86 ,$57.28 
2016-10-07,58,20062440,$57.85 ,$57.98 ,$57.42 
2016-10-10,58,18085830,$57.91 ,$58.39 ,$57.87 
2016-10-11,57,26483780,$57.89 ,$58.02 ,$56.89 
2016-10-12,57,22157100,$57.11 ,$57.27 ,$56.40 
2016-10-13,57,25217590,$56.70 ,$57.30 ,$56.32 
2016-10-14,57,27221480,$57.12 ,$57.74 ,$57.12 
2016-10-17,57,23829490,$57.36 ,$57.46 ,$56.87 
2016-10-18,58,18862790,$57.53 ,$57.95 ,$57.41 
2016-10-19,58,22840410,$57.47 ,$57.84 ,$57.40 
2016-10-20,57,48880910,$57.50 ,$57.52 ,$56.66 
2016-10-21,60,80008400,$60.28 ,$60.45 ,$59.49 
2016-10-24,61,54039610,$59.94 ,$61 ,$59.93 
2016-10-25,61,35119480,$60.85 ,$61.37 ,$60.80 
2016-10-26,61,29908240,$60.81 ,$61.20 ,$60.47 
2016-10-27,60,28444550,$60.61 ,$60.83 ,$60.09 
2016-10-28,60,33569190,$60.01 ,$60.52 ,$59.58 
2016-10-31,60,26418340,$60.16 ,$60.42 ,$59.92 
2016-11-01,60,24474870,$59.97 ,$60.02 ,$59.25 
2016-11-02,59,22118490,$59.82 ,$59.93 ,$59.30 
2016-11-03,59,21448620,$59.53 ,$59.64 ,$59.11 
2016-11-04,59,28693430,$58.65 ,$59.28 ,$58.52 
2016-11-07,60,31652340,$59.78 ,$60.52 ,$59.78 
2016-11-08,60,22923800,$60.55 ,$60.78 ,$60.15 
2016-11-09,60,49588490,$60 ,$60.59 ,$59.20 
2016-11-10,59,57770560,$60.48 ,$60.49 ,$57.63 
2016-11-11,59,35932400,$58.23 ,$59.12 ,$58.01 
2016-11-14,58,41248640,$59.02 ,$59.08 ,$57.28 
2016-11-15,59,35850360,$58.33 ,$59.49 ,$58.32 
2016-11-16,60,27329530,$58.94 ,$59.66 ,$58.81 
2016-11-17,61,32084890,$60.41 ,$60.95 ,$59.97 
2016-11-18,60,27210170,$60.78 ,$61.14 ,$60.30 
2016-11-21,61,19638240,$60.50 ,$60.97 ,$60.42 
2016-11-22,61,23205870,$60.98 ,$61.26 ,$60.81 
2016-11-23,60,21847500,$61.01 ,$61.10 ,$60.25 
2016-11-25,61,8409616,$60.30 ,$60.53 ,$60.13 
2016-11-28,61,20604370,$60.34 ,$61.02 ,$60.21 
2016-11-29,61,22365860,$60.65 ,$61.41 ,$60.52 
2016-11-30,60,34641520,$60.86 ,$61.18 ,$60.22 
2016-12-01,59,34518030,$60.11 ,$60.15 ,$58.94 
2016-12-02,59,25464230,$59.08 ,$59.47 ,$58.80 
2016-12-05,60,23552030,$59.70 ,$60.59 ,$59.56 
2016-12-06,60,19966340,$60.43 ,$60.46 ,$59.80 
2016-12-07,61,30807320,$60.01 ,$61.38 ,$59.80 
2016-12-08,61,21201400,$61.30 ,$61.58 ,$60.84 
2016-12-09,62,27337160,$61.18 ,$61.99 ,$61.13 
2016-12-12,62,20186390,$61.82 ,$62.30 ,$61.72 
2016-12-13,63,35072050,$62.50 ,$63.42 ,$62.24 
2016-12-14,63,30335770,$63 ,$63.45 ,$62.53 
2016-12-15,63,27661180,$62.70 ,$63.15 ,$62.30 
2016-12-16,62,42452660,$62.95 ,$62.95 ,$62.12 
2016-12-19,64,34318500,$62.56 ,$63.77 ,$62.42 
2016-12-20,64,26017470,$63.69 ,$63.80 ,$63.03 
2016-12-21,64,17084370,$63.43 ,$63.70 ,$63.12 
2016-12-22,64,22175270,$63.84 ,$64.10 ,$63.41 
2016-12-23,63,12399540,$63.45 ,$63.54 ,$62.80 
2016-12-27,63,11743650,$63.21 ,$64.07 ,$63.21 
2016-12-28,63,14348340,$63.40 ,$63.40 ,$62.83 
2016-12-29,63,10248460,$62.86 ,$63.20 ,$62.73 
2016-12-30,62,25575720,$62.96 ,$62.99 ,$62.03 
2017-01-03,63,20655190,$62.79 ,$62.84 ,$62.13 
2017-01-04,62,21325140,$62.48 ,$62.75 ,$62.12 
2017-01-05,62,24866880,$62.19 ,$62.66 ,$62.03 
2017-01-06,63,19899270,$62.30 ,$63.15 ,$62.04 
2017-01-09,63,20374410,$62.76 ,$63.08 ,$62.54 
2017-01-10,63,18587170,$62.73 ,$63.07 ,$62.28 
2017-01-11,63,21503740,$62.61 ,$63.23 ,$62.43 
2017-01-12,63,20965490,$63.06 ,$63.40 ,$61.95 
2017-01-13,63,19421370,$62.62 ,$62.87 ,$62.35 
2017-01-17,63,20662940,$62.68 ,$62.70 ,$62.03 
2017-01-18,63,19666750,$62.67 ,$62.70 ,$62.12 
2017-01-19,62,18438530,$62.24 ,$62.98 ,$62.20 
2017-01-20,63,30067740,$62.67 ,$62.82 ,$62.37 
2017-01-23,63,23055910,$62.70 ,$63.12 ,$62.57 
2017-01-24,64,24647260,$63.20 ,$63.74 ,$62.94 
2017-01-25,64,24480930,$63.95 ,$64.10 ,$63.45 
2017-01-26,64,42688490,$64.12 ,$64.54 ,$63.55 
2017-01-27,66,44806710,$65.39 ,$65.91 ,$64.89 
2017-01-30,65,31627120,$65.69 ,$65.79 ,$64.80 
2017-01-31,65,25258900,$64.86 ,$65.15 ,$64.26 
2017-02-01,64,39650890,$64.36 ,$64.62 ,$63.47 
2017-02-02,63,45820410,$63.25 ,$63.41 ,$62.75 
2017-02-03,64,30288330,$63.50 ,$63.70 ,$63.07 
2017-02-06,64,19776560,$63.50 ,$63.65 ,$63.14 
2017-02-07,63,20271020,$63.74 ,$63.78 ,$63.23 
2017-02-08,63,18089300,$63.57 ,$63.81 ,$63.22 
2017-02-09,64,22625170,$63.52 ,$64.44 ,$63.32 
2017-02-10,64,18169980,$64.25 ,$64.30 ,$63.98 
2017-02-13,65,22871800,$64.24 ,$64.86 ,$64.13 
2017-02-14,65,23080270,$64.41 ,$64.72 ,$64.02 
2017-02-15,65,16984020,$64.50 ,$64.57 ,$64.16 
2017-02-16,65,20538890,$64.74 ,$65.24 ,$64.44 
2017-02-17,65,21236980,$64.47 ,$64.69 ,$64.30 
2017-02-21,64,20643320,$64.61 ,$64.95 ,$64.45 
2017-02-22,64,19274640,$64.33 ,$64.39 ,$64.05 
2017-02-23,65,20255890,$64.42 ,$64.73 ,$64.20 
2017-02-24,65,21778650,$64.53 ,$64.80 ,$64.14 
2017-02-27,64,15852360,$64.54 ,$64.54 ,$64.05 
2017-02-28,64,23225630,$64.08 ,$64.20 ,$63.76 
2017-03-01,65,26911390,$64.13 ,$64.99 ,$64.02 
2017-03-02,64,24523130,$64.69 ,$64.75 ,$63.88 
2017-03-03,64,18138220,$63.99 ,$64.28 ,$63.62 
2017-03-06,64,17536510,$63.97 ,$64.56 ,$63.81 
2017-03-07,64,18507840,$64.19 ,$64.78 ,$64.19 
2017-03-08,65,21510490,$64.26 ,$65.09 ,$64.25 
2017-03-09,65,19841220,$65.19 ,$65.20 ,$64.48 
2017-03-10,65,19531290,$65.11 ,$65.26 ,$64.75 
2017-03-13,65,19558920,$65.01 ,$65.20 ,$64.57 
2017-03-14,64,14280080,$64.53 ,$64.55 ,$64.15 
2017-03-15,65,24819560,$64.55 ,$64.92 ,$64.25 
2017-03-16,65,20638340,$64.75 ,$64.76 ,$64.30 
2017-03-17,65,49077080,$64.91 ,$65.24 ,$64.68 
2017-03-20,65,14273670,$64.91 ,$65.18 ,$64.72 
2017-03-21,64,26607950,$65.19 ,$65.50 ,$64.13 
2017-03-22,65,20635780,$64.12 ,$65.14 ,$64.12 
2017-03-23,65,19267040,$64.94 ,$65.24 ,$64.77 
2017-03-24,65,22616680,$65.12 ,$65.45 ,$64.76 
2017-03-27,65,18555230,$64.63 ,$65.22 ,$64.35 
2017-03-28,65,20066100,$64.96 ,$65.47 ,$64.65 
2017-03-29,65,13613870,$65.12 ,$65.50 ,$64.95 
2017-03-30,66,15109580,$65.42 ,$65.98 ,$65.36 
2017-03-31,66,21037270,$65.65 ,$66.19 ,$65.45 
2017-04-03,66,20362440,$65.81 ,$65.94 ,$65.19 
2017-04-04,66,12988620,$65.39 ,$65.81 ,$65.28 
2017-04-05,66,21418530,$66.30 ,$66.35 ,$65.44 
2017-04-06,66,18074330,$65.60 ,$66.06 ,$65.48 
2017-04-07,66,14089430,$65.85 ,$65.96 ,$65.44 
2017-04-10,66,17951970,$65.61 ,$65.82 ,$65.36 
2017-04-11,65,18783560,$65.60 ,$65.61 ,$64.85 
2017-04-12,65,17107430,$65.42 ,$65.51 ,$65.11 
2017-04-13,65,17875510,$65.29 ,$65.86 ,$64.95 
2017-04-17,65,16664820,$65.04 ,$65.49 ,$65.01 
2017-04-18,65,15145300,$65.33 ,$65.71 ,$65.16 
2017-04-19,65,26983430,$65.65 ,$65.75 ,$64.89 
2017-04-20,66,22298340,$65.46 ,$65.75 ,$65.14 
2017-04-21,66,32507090,$65.67 ,$66.70 ,$65.45 
2017-04-24,68,29721350,$67.48 ,$67.66 ,$67.10 
2017-04-25,68,30186690,$67.90 ,$68.04 ,$67.60 
2017-04-26,68,26132990,$68.08 ,$68.31 ,$67.62 
2017-04-27,68,34301810,$68.15 ,$68.38 ,$67.58 
2017-04-28,68,39431920,$68.91 ,$69.14 ,$67.69 
2017-05-01,69,31902530,$68.68 ,$69.55 ,$68.50 
2017-05-02,69,23528160,$69.71 ,$69.71 ,$69.13 
2017-05-03,69,28901660,$69.38 ,$69.38 ,$68.71 
2017-05-04,69,21684030,$69.03 ,$69.08 ,$68.64 
2017-05-05,69,19037540,$68.90 ,$69.03 ,$68.49 
2017-05-08,69,18553900,$68.97 ,$69.05 ,$68.42 
2017-05-09,69,22442280,$68.86 ,$69.28 ,$68.68 
2017-05-10,69,17934310,$68.99 ,$69.56 ,$68.92 
2017-05-11,68,28771250,$68.36 ,$68.73 ,$68.12 
2017-05-12,68,18700160,$68.61 ,$68.61 ,$68.04 
2017-05-15,68,30954130,$68.14 ,$68.48 ,$67.57 
2017-05-16,69,34936100,$68.23 ,$69.44 ,$68.16 
2017-05-17,67,30494870,$68.89 ,$69.10 ,$67.43 
2017-05-18,68,25184940,$67.40 ,$68.13 ,$67.14 
2017-05-19,68,26905730,$67.50 ,$68.10 ,$67.43 
2017-05-22,68,16216010,$67.89 ,$68.50 ,$67.50 
2017-05-23,69,15423430,$68.72 ,$68.75 ,$68.38 
2017-05-24,69,14665710,$68.87 ,$68.88 ,$68.45 
2017-05-25,70,21838800,$68.97 ,$69.88 ,$68.91 
2017-05-26,70,19716360,$69.80 ,$70.22 ,$69.52 
2017-05-30,70,17057170,$69.79 ,$70.41 ,$69.77 
2017-05-31,70,30445790,$70.53 ,$70.74 ,$69.81 
2017-06-01,70,21538070,$70.24 ,$70.61 ,$69.45 
2017-06-02,72,34637860,$70.44 ,$71.86 ,$70.24 
2017-06-05,72,33303010,$71.97 ,$72.89 ,$71.81 
2017-06-06,73,31506590,$72.30 ,$72.62 ,$72.27 
2017-06-07,72,22282420,$72.64 ,$72.77 ,$71.95 
2017-06-08,72,24460980,$72.51 ,$72.52 ,$71.50 
2017-06-09,70,49143030,$72.04 ,$72.08 ,$68.59 
2017-06-12,70,47720550,$69.25 ,$69.94 ,$68.13 
2017-06-13,71,25254650,$70.02 ,$70.82 ,$69.96 
2017-06-14,70,25483760,$70.91 ,$71.10 ,$69.43 
2017-06-15,70,26006180,$69.27 ,$70.21 ,$68.80 
2017-06-16,70,48278130,$69.73 ,$70.03 ,$69.22 
2017-06-19,71,23309860,$70.50 ,$70.95 ,$70.35 
2017-06-20,70,21509280,$70.82 ,$70.87 ,$69.87 
2017-06-21,70,19681370,$70.21 ,$70.62 ,$69.94 
2017-06-22,70,22602120,$70.54 ,$70.59 ,$69.71 
2017-06-23,71,27071300,$70.09 ,$71.25 ,$69.92 
2017-06-26,71,19508480,$71.40 ,$71.71 ,$70.45 
2017-06-27,69,25214000,$70.11 ,$70.18 ,$69.18 
2017-06-28,70,25802760,$69.21 ,$69.84 ,$68.79 
2017-06-29,68,28898600,$69.38 ,$69.49 ,$68.09 
2017-06-30,69,24094240,$68.78 ,$69.38 ,$68.74 
2017-07-03,68,16165540,$69.33 ,$69.60 ,$68.02 
2017-07-05,69,21164570,$68.26 ,$69.44 ,$68.22 
2017-07-06,69,21108330,$68.27 ,$68.78 ,$68.12 
2017-07-07,69,15910410,$68.70 ,$69.84 ,$68.70 
2017-07-10,70,15006190,$69.46 ,$70.25 ,$69.20 
2017-07-11,70,17459190,$70 ,$70.68 ,$69.75 
2017-07-12,71,17747470,$70.69 ,$71.28 ,$70.55 
2017-07-13,72,20267570,$71.50 ,$72.04 ,$71.31 
2017-07-14,73,25780260,$72.24 ,$73.27 ,$71.96 
2017-07-17,73,21776670,$72.80 ,$73.45 ,$72.72 
2017-07-18,73,26356400,$73.09 ,$73.39 ,$72.66 
2017-07-19,74,22071360,$73.50 ,$74.04 ,$73.45 
2017-07-20,74,39459200,$74.18 ,$74.30 ,$73.28 
2017-07-21,74,46301020,$73.45 ,$74.29 ,$73.17 
2017-07-24,74,21227590,$73.53 ,$73.75 ,$73.13 
2017-07-25,74,21934340,$73.80 ,$74.31 ,$73.50 
2017-07-26,74,16074960,$74.34 ,$74.38 ,$73.81 
2017-07-27,73,35803280,$73.76 ,$74.42 ,$72.32 
2017-07-28,73,17800810,$72.67 ,$73.31 ,$72.54 
2017-07-31,73,23546300,$73.30 ,$73.44 ,$72.41 
2017-08-01,73,20755590,$73.10 ,$73.42 ,$72.49 
2017-08-02,72,26487360,$72.55 ,$72.56 ,$71.45 
2017-08-03,72,18203460,$72.19 ,$72.44 ,$71.85 
2017-08-04,73,22578340,$72.40 ,$73.04 ,$72.24 
2017-08-07,72,18703680,$72.80 ,$72.90 ,$72.26 
2017-08-08,73,22029970,$72.09 ,$73.13 ,$71.75 
2017-08-09,72,22208930,$72.25 ,$72.51 ,$72.05 
2017-08-10,71,23882090,$71.90 ,$72.19 ,$71.35 
2017-08-11,73,21429130,$71.61 ,$72.70 ,$71.28 
2017-08-14,74,20079920,$73.06 ,$73.72 ,$72.95 
2017-08-15,73,19174140,$73.59 ,$73.59 ,$73.04 
2017-08-16,74,18146300,$73.34 ,$74.10 ,$73.17 
2017-08-17,72,22450130,$73.58 ,$73.87 ,$72.40 
2017-08-18,72,18760830,$72.27 ,$72.84 ,$71.93 
2017-08-21,72,17698800,$72.47 ,$72.48 ,$71.70 
2017-08-22,73,14333220,$72.35 ,$73.24 ,$72.35 
2017-08-23,73,13758650,$72.96 ,$73.15 ,$72.53 
2017-08-24,73,17097240,$72.74 ,$72.86 ,$72.07 
2017-08-25,73,12790300,$72.86 ,$73.35 ,$72.48 
2017-08-28,73,14558700,$73.06 ,$73.09 ,$72.55 
2017-08-29,73,11470410,$72.25 ,$73.16 ,$72.05 
2017-08-30,74,16892790,$73.01 ,$74.21 ,$72.83 
2017-08-31,75,27645380,$74.03 ,$74.96 ,$73.80 
2017-09-01,74,21713620,$74.71 ,$74.74 ,$73.64 
2017-09-05,74,22234340,$73.34 ,$73.89 ,$72.98 
2017-09-06,73,16525320,$73.74 ,$74.04 ,$73.35 
2017-09-07,74,17468290,$73.68 ,$74.60 ,$73.60 
2017-09-08,74,14703700,$74.33 ,$74.44 ,$73.84 
2017-09-11,75,17900360,$74.31 ,$74.95 ,$74.31 
2017-09-12,75,14387100,$74.76 ,$75.24 ,$74.37 
2017-09-13,75,13353930,$74.93 ,$75.23 ,$74.55 
2017-09-14,75,15695470,$75 ,$75.49 ,$74.52 
2017-09-15,75,38515230,$74.83 ,$75.39 ,$74.07 
2017-09-18,75,23305610,$75.23 ,$75.97 ,$75.04 
2017-09-19,75,15769510,$75.21 ,$75.71 ,$75.01 
2017-09-20,75,20789800,$75.35 ,$75.55 ,$74.31 
2017-09-21,74,19172840,$75.11 ,$75.24 ,$74.11 
2017-09-22,74,14095440,$73.99 ,$74.51 ,$73.85 
2017-09-25,73,24131960,$74.09 ,$74.25 ,$72.92 
2017-09-26,73,17270990,$73.67 ,$73.81 ,$72.99 
2017-09-27,74,19487260,$73.55 ,$74.17 ,$73.17 
2017-09-28,74,10879150,$73.54 ,$73.97 ,$73.31 
2017-09-29,74,16989330,$73.94 ,$74.54 ,$73.88 
2017-10-02,75,15296380,$74.71 ,$75.01 ,$74.30 
2017-10-03,74,12186560,$74.67 ,$74.88 ,$74.20 
2017-10-04,75,13295060,$74 ,$74.72 ,$73.71 
2017-10-05,76,21176990,$75.22 ,$76.12 ,$74.96 
2017-10-06,76,13946480,$75.67 ,$76.03 ,$75.54 
2017-10-09,76,11386390,$75.97 ,$76.55 ,$75.86 
2017-10-10,76,13939430,$76.33 ,$76.63 ,$76.14 
2017-10-11,76,15378030,$76.36 ,$76.46 ,$75.95 
2017-10-12,77,17268390,$76.49 ,$77.29 ,$76.37 
2017-10-13,77,15319310,$77.59 ,$77.87 ,$77.29 
2017-10-16,78,12361880,$77.42 ,$77.81 ,$77.35 
2017-10-17,78,16072320,$77.47 ,$77.62 ,$77.25 
2017-10-18,78,13288960,$77.67 ,$77.85 ,$77.37 
2017-10-19,78,15080780,$77.57 ,$77.93 ,$77.35 
2017-10-20,79,22851290,$78.32 ,$78.97 ,$78.22 
2017-10-23,79,20609800,$78.99 ,$79.34 ,$78.76 
2017-10-24,79,17353840,$78.90 ,$79.20 ,$78.46 
2017-10-25,79,20377380,$78.58 ,$79.10 ,$78.01 
2017-10-26,79,31527350,$79.20 ,$79.42 ,$78.75 
2017-10-27,84,71022110,$84.37 ,$86.20 ,$83.61 
2017-10-30,84,31749180,$83.70 ,$84.33 ,$83.11 
2017-10-31,83,26949400,$84.36 ,$84.36 ,$83.11 
2017-11-01,83,22278730,$83.68 ,$83.76 ,$82.88 
2017-11-02,84,23980410,$83.35 ,$84.46 ,$83.12 
2017-11-03,84,17629140,$84.08 ,$84.54 ,$83.40 
2017-11-06,84,19852030,$84.20 ,$84.70 ,$84.08 
2017-11-07,84,17927430,$84.77 ,$84.90 ,$83.93 
2017-11-08,85,18027540,$84.14 ,$84.61 ,$83.83 
2017-11-09,84,21174120,$84.11 ,$84.27 ,$82.90 
2017-11-10,84,19395240,$83.79 ,$84.10 ,$83.23 
2017-11-13,84,14185670,$83.66 ,$83.94 ,$83.46 
2017-11-14,84,18759800,$83.50 ,$84.10 ,$82.98 
2017-11-15,83,19337370,$83.47 ,$83.69 ,$82.69 
2017-11-16,83,20957350,$83.10 ,$83.42 ,$82.94 
2017-11-17,82,22075340,$83.12 ,$83.12 ,$82.24 
2017-11-20,83,16128540,$82.40 ,$82.59 ,$82.25 
2017-11-21,84,21195610,$82.74 ,$83.84 ,$82.74 
2017-11-22,83,20550600,$83.83 ,$83.90 ,$83.04 
2017-11-24,83,7425603,$83.01 ,$83.43 ,$82.78 
2017-11-27,84,17721740,$83.31 ,$83.98 ,$83.30 
2017-11-28,85,21897340,$84.07 ,$85.06 ,$84.02 
2017-11-29,83,27358660,$84.71 ,$84.92 ,$83.18 
2017-11-30,84,32998560,$83.51 ,$84.52 ,$83.34 
2017-12-01,84,29387350,$83.60 ,$84.81 ,$83.22 
2017-12-04,81,39084990,$84.42 ,$84.43 ,$80.70 
2017-12-05,82,26144410,$81.34 ,$82.68 ,$80.98 
2017-12-06,83,24876890,$81.55 ,$83.14 ,$81.43 
2017-12-07,82,23170300,$82.54 ,$82.80 ,$82 
2017-12-08,84,24027610,$83.63 ,$84.58 ,$83.33 
2017-12-11,85,21446720,$84.29 ,$85.37 ,$84.12 
2017-12-12,86,23821210,$85.31 ,$86.05 ,$85.08 
2017-12-13,85,21708830,$85.74 ,$86 ,$85.17 
2017-12-14,85,19302690,$85.43 ,$85.87 ,$84.53 
2017-12-15,87,53921240,$85.26 ,$87.09 ,$84.88 
2017-12-18,86,22278960,$87.12 ,$87.50 ,$86.23 
2017-12-19,86,23339920,$86.35 ,$86.35 ,$85.27 
2017-12-20,86,23584190,$86.20 ,$86.30 ,$84.71 
2017-12-21,86,17939970,$86.05 ,$86.10 ,$85.40 
2017-12-22,86,14071140,$85.40 ,$85.63 ,$84.92 
2017-12-26,85,9883700,$85.31 ,$85.53 ,$85.03 
2017-12-27,86,14662250,$85.65 ,$85.98 ,$85.22 
2017-12-28,86,10589110,$85.90 ,$85.93 ,$85.55 
2017-12-29,86,18547840,$85.63 ,$86.05 ,$85.50 
2018-01-02,86,22122680,$86.13 ,$86.31 ,$85.50 
2018-01-03,86,25979960,$86.06 ,$86.51 ,$85.97 
2018-01-04,87,21904860,$86.59 ,$87.66 ,$86.57 
2018-01-05,88,23400070,$87.66 ,$88.41 ,$87.43 
2018-01-08,88,22110230,$88.20 ,$88.58 ,$87.60 
2018-01-09,88,19466220,$88.65 ,$88.73 ,$87.86 
2018-01-10,88,18639390,$87.86 ,$88.19 ,$87.41 
2018-01-11,88,17699700,$88.13 ,$88.13 ,$87.24 
2018-01-12,90,24261620,$88.67 ,$89.78 ,$88.45 
2018-01-16,88,36584400,$90.10 ,$90.79 ,$88.01 
2018-01-17,90,25617320,$89.08 ,$90.28 ,$88.75 
2018-01-18,90,24138250,$89.80 ,$90.67 ,$89.66 
2018-01-19,90,35612750,$90.14 ,$90.61 ,$89.66 
2018-01-22,92,23511170,$90 ,$91.62 ,$89.74 
2018-01-23,92,23014000,$91.90 ,$92.30 ,$91.54 
2018-01-24,92,32735410,$92.55 ,$93.43 ,$91.58 
2018-01-25,92,26099100,$92.47 ,$93.24 ,$91.93 
2018-01-26,94,28964890,$93.12 ,$94.06 ,$92.58 
2018-01-29,94,31521680,$95.14 ,$95.45 ,$93.72 
2018-01-30,93,37310120,$93.30 ,$93.66 ,$92.10 
2018-01-31,95,47448270,$93.75 ,$95.40 ,$93.51 
2018-02-01,94,46866010,$94.79 ,$96.07 ,$93.58 
2018-02-02,92,47484680,$93.64 ,$93.97 ,$91.50 
2018-02-05,88,50588980,$90.56 ,$93.24 ,$88 
2018-02-06,91,67970920,$86.89 ,$91.48 ,$85.25 
2018-02-07,90,41082380,$90.49 ,$91.77 ,$89.20 
2018-02-08,85,55247060,$89.71 ,$89.88 ,$84.76 
2018-02-09,88,63470240,$86.30 ,$88.93 ,$83.83 
2018-02-12,89,35657250,$88.74 ,$89.78 ,$87.93 
2018-02-13,90,26320030,$88.93 ,$90 ,$87.80 
2018-02-14,91,34825510,$88.51 ,$90.99 ,$88.41 
2018-02-15,93,27523410,$91.21 ,$92.72 ,$90.62 
2018-02-16,92,30580470,$92.45 ,$93.50 ,$91.80 
2018-02-20,93,30325530,$91.48 ,$93.06 ,$91.01 
2018-02-21,91,26664100,$92.98 ,$93.36 ,$91.49 
2018-02-22,92,23613350,$92.05 ,$92.73 ,$91.36 
2018-02-23,94,26294200,$92.75 ,$94.07 ,$92.36 
2018-02-26,95,30167890,$94.40 ,$95.45 ,$94.25 
2018-02-27,94,25842000,$95.74 ,$95.84 ,$94.20 
2018-02-28,94,30011960,$94.84 ,$95.71 ,$93.63 
2018-03-01,93,36979700,$93.99 ,$94.57 ,$91.84 
2018-03-02,93,32815660,$91.58 ,$93.15 ,$90.86 
2018-03-05,94,23787950,$92.34 ,$94.27 ,$92.26 
2018-03-06,93,21884540,$94.34 ,$94.49 ,$92.94 
2018-03-07,94,26458530,$93.16 ,$93.94 ,$92.43 
2018-03-08,94,26957790,$94.27 ,$95.10 ,$93.77 
2018-03-09,97,36913460,$95.29 ,$96.54 ,$95 
2018-03-12,97,26042460,$96.50 ,$97.21 ,$96.04 
2018-03-13,94,34794600,$97 ,$97.24 ,$93.97 
2018-03-14,94,31971520,$95.12 ,$95.41 ,$93.50 
2018-03-15,94,27317810,$93.53 ,$94.58 ,$92.83 
2018-03-16,95,49067150,$94.68 ,$95.38 ,$93.92 
2018-03-19,93,32317260,$93.74 ,$93.90 ,$92.11 
2018-03-20,93,22402330,$93.05 ,$93.77 ,$93 
2018-03-21,92,24173600,$92.93 ,$94.05 ,$92.21 
2018-03-22,90,38354400,$91.27 ,$91.75 ,$89.66 
2018-03-23,87,43857770,$89.50 ,$90.46 ,$87.08 
2018-03-26,94,56261750,$90.61 ,$94 ,$90.40 
2018-03-27,89,55091770,$94.94 ,$95.14 ,$88.51 
2018-03-28,89,52235580,$89.82 ,$91.23 ,$88.87 
2018-03-29,91,45763610,$90.18 ,$92.29 ,$88.40 
2018-04-02,89,48473940,$90.47 ,$90.88 ,$87.51 
2018-04-03,90,37188830,$89.58 ,$90.05 ,$87.89 
2018-04-04,92,35479140,$87.85 ,$92.76 ,$87.73 
2018-04-05,92,29686720,$92.44 ,$93.07 ,$91.40 
2018-04-06,90,37809230,$91.49 ,$92.46 ,$89.48 
2018-04-09,91,31508070,$91.04 ,$93.17 ,$90.62 
2018-04-10,93,26885740,$92.39 ,$93.28 ,$91.64 
2018-04-11,92,24849510,$92.01 ,$93.29 ,$91.48 
2018-04-12,94,26684870,$92.43 ,$94.16 ,$92.43 
2018-04-13,93,23332360,$94.05 ,$94.18 ,$92.44 
2018-04-16,94,20278000,$94.07 ,$94.66 ,$93.42 
2018-04-17,96,25700050,$95 ,$96.54 ,$94.88 
2018-04-18,96,21024010,$96.22 ,$96.72 ,$95.52 
2018-04-19,96,23540730,$96.44 ,$97.07 ,$95.34 
2018-04-20,95,31135830,$95.91 ,$96.11 ,$94.05 
2018-04-23,95,22243560,$95.74 ,$96.29 ,$94.63 
2018-04-24,93,34495820,$96.24 ,$96.47 ,$92.41 
2018-04-25,92,33622300,$93.30 ,$93.30 ,$90.28 
2018-04-26,94,41085820,$93.55 ,$95.15 ,$93.10 
2018-04-27,96,48037250,$97.60 ,$97.90 ,$93.91 
2018-04-30,94,41196050,$96.33 ,$96.40 ,$93.15 
2018-05-01,95,31400270,$93.21 ,$95.29 ,$92.79 
2018-05-02,94,27459080,$94.99 ,$95.17 ,$93.19 
2018-05-03,94,31071660,$92.96 ,$94.93 ,$92.45 
2018-05-04,95,22243660,$93.32 ,$95.37 ,$92.92 
2018-05-07,96,23591080,$95.17 ,$96.71 ,$95.10 
2018-05-08,96,22764250,$95.85 ,$96.16 ,$95.06 
2018-05-09,97,27279420,$96.01 ,$96.97 ,$95.05 
2018-05-10,98,22341300,$97.46 ,$97.95 ,$97.05 
2018-05-11,98,16759750,$97.80 ,$97.87 ,$97.04 
2018-05-14,98,19447690,$97.92 ,$98.69 ,$97.31 
2018-05-15,97,24584910,$97.24 ,$97.85 ,$96.34 
2018-05-16,97,17371190,$97.36 ,$97.40 ,$96.62 
2018-05-17,96,17167840,$96.76 ,$97.54 ,$95.83 
2018-05-18,96,17543940,$96.01 ,$96.93 ,$96.01 
2018-05-21,98,18996380,$97 ,$98.01 ,$96.80 
2018-05-22,98,15438990,$97.68 ,$98.17 ,$97.20 
2018-05-23,99,21119770,$96.71 ,$98.73 ,$96.32 
2018-05-24,98,26637580,$98.73 ,$98.94 ,$96.81 
2018-05-25,98,17942630,$98.30 ,$98.98 ,$97.86 
2018-05-29,98,28395290,$97.84 ,$98.88 ,$97.23 
2018-05-30,99,21899560,$98.31 ,$99.25 ,$97.91 
2018-05-31,99,34117650,$99.29 ,$99.99 ,$98.61 
2018-06-01,101,28615930,$99.28 ,$100.86 ,$99.17 
2018-06-04,102,27173310,$101.26 ,$101.86 ,$100.85 
2018-06-05,102,23484820,$102 ,$102.33 ,$101.53 
2018-06-06,102,21112450,$102.48 ,$102.60 ,$101.90 
2018-06-07,101,28149340,$102.65 ,$102.69 ,$100.38 
2018-06-08,102,22151500,$101.09 ,$101.95 ,$100.54 
2018-06-11,101,22773270,$101.37 ,$101.59 ,$100.67 
2018-06-12,101,18072860,$101.10 ,$101.45 ,$100.75 
2018-06-13,101,28698040,$101.72 ,$102.01 ,$100.56 
2018-06-14,101,25405900,$101.65 ,$102.03 ,$101 
2018-06-15,100,65663130,$101.51 ,$101.53 ,$100.07 
2018-06-18,101,22760070,$100.01 ,$101.11 ,$99.42 
2018-06-19,101,27633590,$99.65 ,$101 ,$99.50 
2018-06-20,102,26177810,$101.37 ,$102.52 ,$101.12 
2018-06-21,101,21812100,$102.08 ,$102.46 ,$100.88 
2018-06-22,100,38869490,$100.41 ,$100.77 ,$99.63 
2018-06-25,98,35422640,$100 ,$100.11 ,$97.30 
2018-06-26,99,26551930,$98.82 ,$100.08 ,$98.75 
2018-06-27,98,31280700,$99.58 ,$100.02 ,$97.40 
2018-06-28,99,26643410,$97.38 ,$99.11 ,$97.26 
2018-06-29,99,27553700,$98.93 ,$99.91 ,$98.33 
2018-07-02,100,18850500,$98.10 ,$100.06 ,$98 
2018-07-03,99,14670280,$100.48 ,$100.63 ,$98.94 
2018-07-05,100,18583280,$99.50 ,$99.92 ,$99.03 
2018-07-06,101,18238570,$99.89 ,$101.43 ,$99.67 
2018-07-09,102,16410950,$101.65 ,$102.25 ,$101.25 
2018-07-10,102,19180850,$102 ,$102.51 ,$101.86 
2018-07-11,102,19278720,$101.15 ,$102.34 ,$101.10 
2018-07-12,104,24270690,$102.77 ,$104.41 ,$102.73 
2018-07-13,105,24578340,$104.37 ,$105.60 ,$104.09 
2018-07-16,105,20782300,$105.40 ,$105.82 ,$104.52 
2018-07-17,106,25864500,$104.61 ,$106.50 ,$104.32 
2018-07-18,105,29055780,$105.94 ,$106.05 ,$104.72 
2018-07-19,104,38193270,$104.93 ,$105.31 ,$103.89 
2018-07-20,106,55999890,$108.08 ,$108.20 ,$106.08 
2018-07-23,108,29226800,$106.30 ,$108.14 ,$106.13 
2018-07-24,108,26308190,$108.57 ,$108.82 ,$107.26 
2018-07-25,111,30586770,$107.96 ,$111.15 ,$107.60 
2018-07-26,110,31332820,$110.74 ,$111 ,$109.50 
2018-07-27,108,36916780,$110.18 ,$110.18 ,$106.14 
2018-07-30,105,34495720,$107.19 ,$107.53 ,$104.76 
2018-07-31,106,27181070,$106.49 ,$106.72 ,$105.38 
2018-08-01,106,23617980,$106.03 ,$106.45 ,$105.42 
2018-08-02,108,26080740,$105.40 ,$108.09 ,$104.84 
2018-08-03,108,18629310,$107.80 ,$108.05 ,$106.82 
2018-08-06,108,20234680,$108.12 ,$108.42 ,$107.56 
2018-08-07,109,16070070,$108.56 ,$109.10 ,$108.17 
2018-08-08,109,15461420,$109.33 ,$109.75 ,$108.76 
2018-08-09,110,13634510,$109.71 ,$110.16 ,$109.60 
2018-08-10,109,18171350,$109.42 ,$109.69 ,$108.38 
2018-08-13,108,18470690,$109.24 ,$109.58 ,$108.10 
2018-08-14,110,16777990,$108.56 ,$109.75 ,$108.04 
2018-08-15,108,29947600,$108.49 ,$108.99 ,$106.82 
2018-08-16,108,20687500,$108.30 ,$108.86 ,$107.30 
2018-08-17,108,18051970,$107.36 ,$107.90 ,$106.69 
2018-08-20,107,17327110,$107.51 ,$107.90 ,$106.48 
2018-08-21,106,22825830,$106.92 ,$107.35 ,$105.85 
2018-08-22,107,17878840,$105.85 ,$107.34 ,$105.78 
2018-08-23,108,17996860,$107.15 ,$108.18 ,$106.87 
2018-08-24,108,17188010,$107.67 ,$108.56 ,$107.56 
2018-08-27,110,19439380,$109.27 ,$109.64 ,$108.51 
2018-08-28,110,19144860,$109.94 ,$110.50 ,$109.79 
2018-08-29,112,20747500,$110.45 ,$112.03 ,$110.27 
2018-08-30,112,22759640,$111.67 ,$112.61 ,$111.44 
2018-08-31,112,23217310,$111.69 ,$112.78 ,$111.52 
2018-09-04,112,22558040,$110.85 ,$111.96 ,$110.22 
2018-09-05,108,32838650,$111.01 ,$111.42 ,$108.10 
2018-09-06,109,23226430,$108.25 ,$108.99 ,$107.51 
2018-09-07,108,22273530,$108.23 ,$108.72 ,$107.23 
2018-09-10,109,19887280,$108.84 ,$109.64 ,$108.36 
2018-09-11,111,24081240,$108.90 ,$111.59 ,$108.89 
2018-09-12,112,18855340,$111.43 ,$111.85 ,$110.51 
2018-09-13,113,25107230,$112.12 ,$113.73 ,$112.12 
2018-09-14,113,18261950,$113.36 ,$113.73 ,$112.44 
2018-09-17,112,20332830,$113.69 ,$113.70 ,$111.86 
2018-09-18,113,22114560,$112.19 ,$113.70 ,$111.72 
2018-09-19,112,21663020,$113.05 ,$113.32 ,$111.04 
2018-09-20,114,23667500,$112.28 ,$113.80 ,$111.93 
2018-09-21,114,70363000,$114 ,$115.29 ,$113.51 
2018-09-24,115,25273510,$113.03 ,$114.90 ,$112.22 
2018-09-25,114,20782110,$114.80 ,$115.10 ,$113.75 
2018-09-26,114,19322530,$114.47 ,$115.06 ,$113.74 
2018-09-27,114,19053590,$114.78 ,$114.91 ,$114.20 
2018-09-28,114,20525950,$114.19 ,$114.57 ,$113.68 
2018-10-01,116,18610500,$114.75 ,$115.68 ,$114.73 
2018-10-02,115,20180030,$115.30 ,$115.84 ,$114.44 
2018-10-03,115,16130010,$115.42 ,$116.18 ,$114.93 
2018-10-04,113,34475710,$114.61 ,$114.76 ,$111.63 
2018-10-05,112,29062670,$112.63 ,$113.17 ,$110.64 
2018-10-08,111,29477750,$111.66 ,$112.03 ,$109.34 
2018-10-09,112,26187200,$111.14 ,$113.08 ,$110.80 
2018-10-10,106,60560740,$111.24 ,$111.50 ,$105.79 
2018-10-11,106,63629560,$105.35 ,$108.93 ,$104.20 
2018-10-12,110,46718940,$109.01 ,$111.24 ,$107.12 
2018-10-15,108,32001580,$108.91 ,$109.48 ,$106.95 
2018-10-16,111,31154210,$109.54 ,$111.41 ,$108.95 
2018-10-17,111,25873980,$111.68 ,$111.81 ,$109.55 
2018-10-18,109,31794350,$110.10 ,$110.53 ,$107.83 
2018-10-19,109,32751070,$108.93 ,$110.86 ,$108.21 
2018-10-22,110,26484510,$109.32 ,$110.54 ,$108.24 
2018-10-23,108,43531680,$107.77 ,$108.97 ,$105.11 
2018-10-24,102,63236450,$108.41 ,$108.49 ,$101.59 
2018-10-25,108,61550620,$106.55 ,$109.27 ,$106.15 
2018-10-26,107,55480820,$105.69 ,$108.75 ,$104.76 
2018-10-29,104,55101300,$108.11 ,$108.70 ,$101.63 
2018-10-30,104,65273360,$103.66 ,$104.38 ,$100.11 
2018-10-31,107,51042220,$105.44 ,$108.14 ,$105.39 
2018-11-01,106,33243300,$107.05 ,$107.32 ,$105.53 
2018-11-02,106,37591700,$106.48 ,$107.32 ,$104.98 
2018-11-05,108,27908600,$106.37 ,$107.74 ,$105.90 
2018-11-06,108,24217640,$107.38 ,$108.84 ,$106.28 
2018-11-07,112,37864220,$109.44 ,$112.24 ,$109.40 
2018-11-08,112,25479410,$111.80 ,$112.21 ,$110.91 
2018-11-09,110,32011930,$110.85 ,$111.45 ,$108.76 
2018-11-12,107,33595910,$109.42 ,$109.96 ,$106.10 
2018-11-13,107,35360680,$107.55 ,$108.74 ,$106.64 
2018-11-14,105,39451290,$108.10 ,$108.26 ,$104.47 
2018-11-15,107,38430970,$104.99 ,$107.80 ,$103.91 
2018-11-16,108,33494830,$107.08 ,$108.88 ,$106.80 
2018-11-19,105,43324610,$108.27 ,$108.56 ,$103.55 
2018-11-20,102,63988520,$101.80 ,$102.97 ,$99.35 
2018-11-21,103,28121990,$103.60 ,$104.43 ,$102.24 
2018-11-23,103,13823100,$102.17 ,$103.81 ,$102 
2018-11-26,106,32258530,$104.79 ,$106.63 ,$104.58 
2018-11-27,107,29063180,$106.27 ,$107.33 ,$105.36 
2018-11-28,111,46132310,$107.89 ,$111.33 ,$107.86 
2018-11-29,110,27792540,$110.33 ,$111.12 ,$109.03 
2018-11-30,111,33652230,$110.70 ,$110.97 ,$109.36 
2018-12-03,112,34293960,$113 ,$113.42 ,$110.73 
2018-12-04,109,44572140,$111.94 ,$112.64 ,$108.21 
2018-12-06,109,47866160,$105.82 ,$109.24 ,$105 
2018-12-07,105,44391210,$108.38 ,$109.45 ,$104.30 
2018-12-10,108,40463870,$104.80 ,$107.98 ,$103.89 
2018-12-11,109,42342240,$109.80 ,$110.95 ,$107.44 
2018-12-12,109,36169700,$110.89 ,$111.27 ,$109.04 
2018-12-13,109,30600890,$109.58 ,$110.87 ,$108.63 
2018-12-14,106,46961130,$108.25 ,$109.26 ,$105.50 
2018-12-17,103,56837160,$105.41 ,$105.80 ,$101.71 
2018-12-18,104,48033550,$103.75 ,$104.51 ,$102.52 
2018-12-19,104,68110780,$103.65 ,$106.88 ,$101.35 
2018-12-20,102,70221500,$103.05 ,$104.31 ,$98.78 
2018-12-21,98,110945000,$101.63 ,$103 ,$97.46 
2018-12-24,94,43935190,$97.68 ,$97.97 ,$93.98 
2018-12-26,101,51330280,$95.14 ,$100.69 ,$93.96 
2018-12-27,101,49162950,$99.30 ,$101.19 ,$96.40 
2018-12-28,100,38160810,$102.09 ,$102.41 ,$99.52 
2018-12-31,102,33161320,$101.29 ,$102.40 ,$100.44 
2019-01-02,101,35145360,$99.55 ,$101.75 ,$98.94 
2019-01-03,97,42111650,$100.10 ,$100.19 ,$97.20 
2019-01-04,102,43982700,$99.72 ,$102.51 ,$98.93 
2019-01-07,102,35567820,$101.64 ,$103.27 ,$100.98 
2019-01-08,103,31322920,$103.04 ,$103.97 ,$101.71 
2019-01-09,104,32261890,$103.86 ,$104.88 ,$103.24 
2019-01-10,104,29978930,$103.22 ,$103.75 ,$102.38 
2019-01-11,103,28235260,$103.19 ,$103.44 ,$101.64 
2019-01-14,102,27194560,$101.90 ,$102.87 ,$101.26 
2019-01-15,105,31537490,$102.51 ,$105.05 ,$101.88 
2019-01-16,105,29655860,$105.26 ,$106.26 ,$104.96 
2019-01-17,106,27151570,$105 ,$106.63 ,$104.76 
2019-01-18,108,37299850,$107.46 ,$107.90 ,$105.91 
2019-01-22,106,32092050,$106.75 ,$107.10 ,$104.86 
2019-01-23,107,25512110,$106.12 ,$107.04 ,$105.34 
2019-01-24,106,23125910,$106.86 ,$107 ,$105.34 
2019-01-25,107,31182240,$107.24 ,$107.88 ,$106.59 
2019-01-28,105,29402020,$106.26 ,$106.48 ,$104.66 
2019-01-29,103,31262200,$104.88 ,$104.97 ,$102.17 
2019-01-30,106,47203190,$104.62 ,$106.38 ,$104.33 
2019-01-31,104,55442870,$103.80 ,$105.22 ,$103.18 
2019-02-01,103,35243730,$103.78 ,$104.10 ,$102.35 
2019-02-04,106,31216260,$102.87 ,$105.80 ,$102.77 
2019-02-05,107,27270810,$106.06 ,$107.27 ,$105.96 
2019-02-06,106,20577980,$107 ,$107 ,$105.53 
2019-02-07,105,29735930,$105.19 ,$105.59 ,$104.29 
2019-02-08,106,21453990,$104.39 ,$105.78 ,$104.26 
2019-02-11,105,18753750,$106.20 ,$106.58 ,$104.97 
2019-02-12,107,25018670,$106.14 ,$107.14 ,$105.48 
2019-02-13,107,18337830,$107.50 ,$107.78 ,$106.71 
2019-02-14,107,21745770,$106.31 ,$107.29 ,$105.66 
2019-02-15,108,26589160,$107.91 ,$108.30 ,$107.36 
2019-02-19,108,17982860,$107.79 ,$108.66 ,$107.78 
2019-02-20,107,21603580,$107.86 ,$107.94 ,$106.29 
2019-02-21,109,28856200,$106.90 ,$109.48 ,$106.87 
2019-02-22,111,27746840,$110.05 ,$111.20 ,$109.82 
2019-02-25,112,23723500,$111.76 ,$112.18 ,$111.26 
2019-02-26,112,21513210,$111.26 ,$113.24 ,$111.17 
2019-02-27,112,21471170,$111.69 ,$112.36 ,$110.88 
2019-02-28,112,28948570,$112.04 ,$112.88 ,$111.73 
2019-03-01,113,20821260,$112.89 ,$113.02 ,$111.67 
2019-03-04,112,25869380,$113.02 ,$113.25 ,$110.80 
2019-03-05,112,19090780,$112.25 ,$112.39 ,$111.23 
2019-03-06,112,17651130,$111.87 ,$112.66 ,$111.43 
2019-03-07,110,25320540,$111.40 ,$111.55 ,$109.87 
2019-03-08,111,22803110,$109.16 ,$110.71 ,$108.80 
2019-03-11,113,24525610,$110.99 ,$112.95 ,$110.98 
2019-03-12,114,26103480,$112.82 ,$113.99 ,$112.65 
2019-03-13,115,35311160,$114.13 ,$115 ,$113.78 
2019-03-14,115,30414810,$114.54 ,$115.20 ,$114.33 
2019-03-15,116,54025470,$115.34 ,$117.25 ,$114.59 
2019-03-18,118,31098780,$116.17 ,$117.61 ,$116.05 
2019-03-19,118,35304130,$118.09 ,$118.44 ,$116.99 
2019-03-20,118,26110540,$117.39 ,$118.75 ,$116.71 
2019-03-21,120,29747140,$117.14 ,$120.82 ,$117.09 
2019-03-22,117,32346990,$119.50 ,$119.59 ,$117.04 
2019-03-25,118,26641480,$116.56 ,$118.01 ,$116.32 
2019-03-26,118,25986230,$118.62 ,$118.71 ,$116.85 
2019-03-27,117,22669440,$117.88 ,$118.21 ,$115.52 
2019-03-28,117,17527550,$117.44 ,$117.58 ,$116.13 
2019-03-29,118,25375220,$118.07 ,$118.32 ,$116.96 
2019-04-01,119,19885780,$118.95 ,$119.11 ,$118.10 
2019-04-02,119,16413430,$119.06 ,$119.48 ,$118.52 
2019-04-03,120,22354020,$119.86 ,$120.43 ,$119.15 
2019-04-04,119,20090610,$120.10 ,$120.23 ,$118.38 
2019-04-05,120,15737990,$119.39 ,$120.23 ,$119.37 
2019-04-08,120,15113170,$119.81 ,$120.02 ,$118.64 
2019-04-09,119,17275470,$118.63 ,$119.54 ,$118.58 
2019-04-10,120,14540330,$119.76 ,$120.35 ,$119.54 
2019-04-11,120,13758010,$120.54 ,$120.85 ,$119.92 
2019-04-12,121,19719730,$120.64 ,$120.98 ,$120.37 
2019-04-15,121,15526260,$120.94 ,$121.58 ,$120.57 
2019-04-16,121,14054870,$121.64 ,$121.65 ,$120.10 
2019-04-17,122,19012080,$121.24 ,$121.85 ,$120.54 
2019-04-18,123,27651970,$122.19 ,$123.52 ,$121.30 
2019-04-22,124,14825150,$122.62 ,$124 ,$122.57 
2019-04-23,125,23539620,$124.10 ,$125.58 ,$123.83 
2019-04-24,125,29919920,$125.79 ,$125.85 ,$124.52 
2019-04-25,129,37927120,$130.06 ,$131.37 ,$128.83 
2019-04-26,130,23306180,$129.70 ,$130.52 ,$129.02 
2019-04-29,130,16179580,$129.90 ,$130.18 ,$129.35 
2019-04-30,131,24041490,$129.81 ,$130.70 ,$129.39 
2019-05-01,128,26821690,$130.53 ,$130.65 ,$127.70 
2019-05-02,126,27350160,$127.98 ,$128 ,$125.52 
2019-05-03,129,24911130,$127.36 ,$129.43 ,$127.25 
2019-05-06,128,24239460,$126.39 ,$128.56 ,$126.11 
2019-05-07,126,36017660,$126.46 ,$127.18 ,$124.22 
2019-05-08,126,28419000,$125.44 ,$126.37 ,$124.75 
2019-05-09,126,27235840,$124.29 ,$125.79 ,$123.57 
2019-05-10,127,30915080,$124.91 ,$127.93 ,$123.82 
2019-05-13,123,33944920,$124.11 ,$125.55 ,$123.04 
2019-05-14,125,25266320,$123.87 ,$125.88 ,$123.70 
2019-05-15,126,24722710,$124.26 ,$126.71 ,$123.70 
2019-05-16,129,30112220,$126.75 ,$129.38 ,$126.46 
2019-05-17,128,25770540,$128.31 ,$130.46 ,$127.92 
2019-05-20,126,23706930,$126.52 ,$127.59 ,$125.76 
2019-05-21,127,15293260,$127.43 ,$127.53 ,$126.58 
2019-05-22,128,15396490,$126.62 ,$128.24 ,$126.52 
2019-05-23,126,23603810,$126.20 ,$126.29 ,$124.74 
2019-05-24,126,14123360,$126.91 ,$127.42 ,$125.97 
2019-05-28,126,23128360,$126.98 ,$128 ,$126.05 
2019-05-29,125,22763140,$125.38 ,$125.39 ,$124.04 
2019-05-30,126,16829610,$125.26 ,$125.76 ,$124.78 
2019-05-31,124,26646770,$124.23 ,$124.62 ,$123.32 
2019-06-03,120,37983640,$123.85 ,$124.37 ,$119.01 
2019-06-04,123,29382640,$121.28 ,$123.28 ,$120.65 
2019-06-05,126,24926140,$124.95 ,$125.87 ,$124.21 
2019-06-06,128,21458960,$126.44 ,$127.97 ,$125.60 
2019-06-07,131,33885590,$129.19 ,$132.25 ,$128.26 
2019-06-10,133,26477100,$132.40 ,$134.08 ,$132 
2019-06-11,132,23913730,$133.88 ,$134.24 ,$131.28 
2019-06-12,131,17092460,$131.40 ,$131.97 ,$130.71 
2019-06-13,132,17200850,$131.98 ,$132.67 ,$131.56 
2019-06-14,132,17821700,$132.26 ,$133.79 ,$131.64 
2019-06-17,133,14517790,$132.63 ,$133.73 ,$132.53 
2019-06-18,135,25934460,$134.19 ,$135.24 ,$133.57 
2019-06-19,136,23744440,$135 ,$135.93 ,$133.81 
2019-06-20,137,33042590,$137.45 ,$137.66 ,$135.72 
2019-06-21,137,36727890,$136.58 ,$137.73 ,$136.46 
2019-06-24,138,20628840,$137 ,$138.40 ,$137 
2019-06-25,133,33327420,$137.25 ,$137.59 ,$132.73 
2019-06-26,134,23657750,$134.35 ,$135.74 ,$133.60 
2019-06-27,134,16557480,$134.14 ,$134.71 ,$133.51 
2019-06-28,134,30042970,$134.57 ,$134.60 ,$133.16 
2019-07-01,136,22654160,$136.63 ,$136.70 ,$134.97 
2019-07-02,137,15237840,$136.12 ,$136.59 ,$135.34 
2019-07-03,137,13629300,$136.80 ,$137.74 ,$136.30 
2019-07-05,137,18141140,$135.94 ,$137.33 ,$135.72 
2019-07-08,137,16779750,$136.40 ,$137.10 ,$135.37 
2019-07-09,136,19953100,$136 ,$136.97 ,$135.80 
2019-07-10,138,24204360,$137.13 ,$138.58 ,$137.02 
2019-07-11,138,22327940,$138.20 ,$139.22 ,$137.87 
2019-07-12,139,18936830,$138.85 ,$139.13 ,$138.01 
2019-07-15,139,16651460,$139.44 ,$139.54 ,$138.46 
2019-07-16,137,22726130,$138.96 ,$139.05 ,$136.52 
2019-07-17,136,20210960,$137.70 ,$137.93 ,$136.22 
2019-07-18,136,30808710,$135.55 ,$136.62 ,$134.67 
2019-07-19,137,48992360,$140.22 ,$140.67 ,$136.45 
2019-07-22,138,25080760,$137.41 ,$139.19 ,$137.33 
2019-07-23,139,18034590,$139.76 ,$139.99 ,$138.03 
2019-07-24,141,20738280,$138.90 ,$140.74 ,$138.85 
2019-07-25,140,18356880,$140.43 ,$140.61 ,$139.32 
2019-07-26,141,19037600,$140.37 ,$141.68 ,$140.30 
2019-07-29,141,16605870,$141.50 ,$141.51 ,$139.37 
2019-07-30,140,16846530,$140.14 ,$141.22 ,$139.80 
2019-07-31,136,38598790,$140.33 ,$140.49 ,$135.08 
2019-08-01,138,40557500,$137 ,$140.94 ,$136.93 
2019-08-02,137,30791620,$138.09 ,$138.32 ,$135.26 
2019-08-05,132,42749550,$133.30 ,$133.93 ,$130.78 
2019-08-06,135,32696650,$133.80 ,$135.68 ,$133.21 
2019-08-07,135,33414540,$133.79 ,$135.65 ,$131.83 
2019-08-08,139,27496510,$136.60 ,$138.99 ,$135.93 
2019-08-09,138,23466700,$138.61 ,$139.38 ,$136.46 
2019-08-12,136,20484350,$137.07 ,$137.86 ,$135.24 
2019-08-13,139,25496590,$136.05 ,$138.80 ,$135 
2019-08-14,134,32527250,$136.36 ,$136.92 ,$133.67 
2019-08-15,134,28125420,$134.39 ,$134.58 ,$132.25 
2019-08-16,136,25026150,$134.88 ,$136.46 ,$134.72 
2019-08-19,138,24370540,$137.86 ,$138.55 ,$136.89 
2019-08-20,137,21189000,$138.21 ,$138.71 ,$137.24 
2019-08-21,139,14982310,$138.55 ,$139.49 ,$138 
2019-08-22,138,18709660,$138.66 ,$139.20 ,$136.29 
2019-08-23,133,38515390,$137.19 ,$138.35 ,$132.80 
2019-08-26,135,20325270,$134.99 ,$135.56 ,$133.90 
2019-08-27,136,23115640,$136.39 ,$136.72 ,$134.66 
2019-08-28,136,17410830,$134.88 ,$135.76 ,$133.55 
2019-08-29,138,20179720,$137.25 ,$138.44 ,$136.91 
2019-08-30,138,23946120,$139.15 ,$139.18 ,$136.27 
2019-09-03,136,18880770,$136.61 ,$137.20 ,$135.70 
2019-09-04,138,18015310,$137.30 ,$137.69 ,$136.48 
2019-09-05,140,26119520,$139.11 ,$140.38 ,$138.76 
2019-09-06,139,20824500,$140.03 ,$140.18 ,$138.20 
2019-09-09,138,25773930,$139.59 ,$139.75 ,$136.46 
2019-09-10,136,28903380,$136.80 ,$136.89 ,$134.51 
2019-09-11,136,24726120,$135.91 ,$136.27 ,$135.09 
2019-09-12,138,27009980,$137.85 ,$138.42 ,$136.87 
2019-09-13,137,23363060,$137.78 ,$138.06 ,$136.57 
2019-09-16,136,16731440,$135.83 ,$136.70 ,$135.66 
2019-09-17,137,17976290,$136.96 ,$137.52 ,$136.43 
2019-09-18,139,24473390,$137.36 ,$138.67 ,$136.53 
2019-09-19,141,36095410,$140.30 ,$142.37 ,$140.07 
2019-09-20,139,40040770,$141.01 ,$141.65 ,$138.25 
2019-09-23,139,17408370,$139.23 ,$139.63 ,$138.44 
2019-09-24,137,30016670,$140.36 ,$140.69 ,$136.88 
2019-09-25,139,22544050,$137.50 ,$139.96 ,$136.03 
2019-09-26,140,17813510,$139.44 ,$140.18 ,$138.44 
2019-09-27,138,22498960,$140.15 ,$140.36 ,$136.65 
2019-09-30,139,18430390,$138.05 ,$139.22 ,$137.78 
2019-10-01,137,22581930,$139.66 ,$140.25 ,$137 
2019-10-02,135,32001760,$136.25 ,$136.37 ,$133.58 
2019-10-03,136,26379800,$134.95 ,$136.75 ,$133.22 
2019-10-04,138,23839550,$136.75 ,$138.25 ,$136.42 
2019-10-07,137,16601280,$137.14 ,$138.18 ,$137.02 
2019-10-08,136,26783340,$137.08 ,$137.76 ,$135.62 
2019-10-09,138,20178480,$137.46 ,$138.70 ,$136.97 
2019-10-10,139,18396610,$138.49 ,$139.67 ,$138.25 
2019-10-11,140,25551070,$140.12 ,$141.03 ,$139.50 
2019-10-14,140,13591640,$139.69 ,$140.29 ,$139.52 
2019-10-15,142,19917760,$140.06 ,$141.79 ,$139.81 
2019-10-16,140,20841690,$140.79 ,$140.99 ,$139.53 
2019-10-17,140,22102800,$140.95 ,$141.42 ,$139.02 
2019-10-18,137,32284430,$139.76 ,$140 ,$136.56 
2019-10-21,138,20716040,$138.45 ,$138.50 ,$137.01 
2019-10-22,136,27935270,$138.97 ,$140.01 ,$136.26 
2019-10-23,137,31380310,$136.88 ,$137.45 ,$135.61 
2019-10-24,140,37278400,$139.39 ,$140.42 ,$138.67 
2019-10-25,141,25959720,$139.34 ,$141.14 ,$139.20 
2019-10-28,144,35280140,$144.40 ,$145.67 ,$143.51 
2019-10-29,143,20589470,$144.08 ,$144.50 ,$142.65 
2019-10-30,145,18496590,$143.52 ,$145 ,$142.79 
2019-10-31,143,24605140,$144.90 ,$144.93 ,$142.99 
2019-11-01,144,33128370,$144.26 ,$144.42 ,$142.97 
2019-11-04,145,16912000,$144.83 ,$145 ,$144.16 
2019-11-05,144,18250170,$144.97 ,$145.02 ,$143.91 
2019-11-06,144,16575800,$144.37 ,$144.52 ,$143.20 
2019-11-07,144,17786720,$143.84 ,$144.88 ,$143.77 
2019-11-08,146,16752940,$143.98 ,$145.99 ,$143.76 
2019-11-11,146,14370180,$145.34 ,$146.42 ,$144.73 
2019-11-12,147,18648710,$146.28 ,$147.57 ,$146.06 
2019-11-13,147,17444230,$146.74 ,$147.46 ,$146.28 
2019-11-14,148,19755100,$147.02 ,$148.41 ,$147 
2019-11-15,150,23508810,$148.93 ,$149.99 ,$148.27 
2019-11-18,150,21554760,$150.07 ,$150.55 ,$148.98 
2019-11-19,150,23960160,$150.88 ,$151.33 ,$150.20 
2019-11-20,150,25720060,$150.31 ,$150.84 ,$148.46 
2019-11-21,149,18576080,$149.40 ,$149.80 ,$148.50 
2019-11-22,150,15841680,$150.07 ,$150.30 ,$148.82 
2019-11-25,151,22428590,$150 ,$151.35 ,$149.92 
2019-11-26,152,24635100,$151.36 ,$152.42 ,$151.32 
2019-11-27,152,15201290,$152.33 ,$152.50 ,$151.52 
2019-11-29,151,11977300,$152.10 ,$152.30 ,$151.28 
2019-12-02,150,27473620,$151.81 ,$151.83 ,$148.32 
2019-12-03,149,25192150,$147.49 ,$149.43 ,$146.65 
2019-12-04,150,17580620,$150.14 ,$150.18 ,$149.20 
2019-12-05,150,17880600,$150.05 ,$150.32 ,$149.48 
2019-12-06,152,16410400,$150.99 ,$151.87 ,$150.27 
2019-12-09,151,16741350,$151.07 ,$152.21 ,$150.91 
2019-12-10,151,16481060,$151.29 ,$151.89 ,$150.77 
2019-12-11,152,18860000,$151.54 ,$151.87 ,$150.33 
2019-12-12,153,24645370,$151.65 ,$153.44 ,$151.02 
2019-12-13,155,23850060,$153.00 ,$154.89 ,$152.83 
2019-12-16,156,24152770,$155.11 ,$155.90 ,$154.82 
2019-12-17,155,25443530,$155.45 ,$155.71 ,$154.45 
2019-12-18,154,24132380,$154.30 ,$155.48 ,$154.18 
2019-12-19,156,25813830,$154 ,$155.77 ,$153.75 
2019-12-20,157,53599610,$157.35 ,$158.49 ,$156.29 
2019-12-23,157,17726280,$158.12 ,$158.12 ,$157.27 
2019-12-24,157,8989150,$157.48 ,$157.71 ,$157.12 
2019-12-26,159,14526930,$157.56 ,$158.73 ,$157.40 
2019-12-27,159,18414350,$159.45 ,$159.55 ,$158.22 
2019-12-30,158,16356720,$158.99 ,$159.02 ,$156.73 
2019-12-31,158,18393380,$156.77 ,$157.77 ,$156.45 
2020-01-02,161,22634550,$158.78 ,$160.73 ,$158.33 
2020-01-03,159,21121680,$158.32 ,$159.95 ,$158.06 
2020-01-06,159,20826700,$157.08 ,$159.10 ,$156.51 
2020-01-07,158,21881740,$159.32 ,$159.67 ,$157.32 
2020-01-08,160,27762030,$158.93 ,$160.80 ,$157.95 
2020-01-09,162,21399950,$161.84 ,$162.22 ,$161.03 
2020-01-10,161,20733950,$162.82 ,$163.22 ,$161.18 
2020-01-13,163,21637010,$161.76 ,$163.31 ,$161.26 
2020-01-14,162,23500780,$163.39 ,$163.60 ,$161.72 
2020-01-15,163,21417870,$162.62 ,$163.94 ,$162.57 
2020-01-16,166,23865360,$164.35 ,$166.24 ,$164.03 
2020-01-17,167,34371660,$167.42 ,$167.47 ,$165.43 
2020-01-21,167,29517190,$166.68 ,$168.19 ,$166.43 
2020-01-22,166,24138780,$167.40 ,$167.49 ,$165.68 
2020-01-23,167,19680770,$166.19 ,$166.80 ,$165.27 
2020-01-24,165,24918120,$167.51 ,$167.53 ,$164.45 
2020-01-27,162,32078070,$161.15 ,$163.38 ,$160.20 
2020-01-28,165,24899940,$163.78 ,$165.76 ,$163.07 
2020-01-29,168,35127770,$167.84 ,$168.75 ,$165.69 
2020-01-30,173,51597470,$174.05 ,$174.05 ,$170.79 
2020-01-31,170,36142690,$172.21 ,$172.40 ,$169.58 
2020-02-03,174,30149050,$170.43 ,$174.50 ,$170.40 
2020-02-04,180,36433340,$177.14 ,$180.64 ,$176.31 
2020-02-05,180,39186320,$184.03 ,$184.20 ,$178.41 
2020-02-06,184,27751380,$180.97 ,$183.82 ,$180.06 
2020-02-07,184,33529070,$182.85 ,$185.63 ,$182.48 
2020-02-10,189,35844270,$183.58 ,$188.84 ,$183.25 
2020-02-11,184,53159910,$190.65 ,$190.70 ,$183.50 
2020-02-12,185,47062920,$185.58 ,$185.85 ,$181.85 
2020-02-13,184,35295830,$183.08 ,$186.23 ,$182.87 
2020-02-14,185,23149520,$183.25 ,$185.41 ,$182.65 
2020-02-18,187,27853110,$185.61 ,$187.70 ,$185.50 
2020-02-19,187,29997470,$188.06 ,$188.18 ,$186.47 
2020-02-20,184,36862380,$186.95 ,$187.25 ,$181.10 
2020-02-21,179,48600390,$183.17 ,$183.50 ,$177.25 
2020-02-24,171,68311070,$167.77 ,$174.55 ,$163.23 
2020-02-25,168,68073300,$174.20 ,$174.84 ,$167.65 
2020-02-26,170,56387150,$169.71 ,$173.26 ,$168.21 
2020-02-27,158,93174910,$163.32 ,$167.03 ,$157.98 
2020-02-28,162,97073560,$152.41 ,$163.71 ,$152 
2020-03-02,173,71030810,$165.31 ,$172.92 ,$162.31 
2020-03-03,165,71677020,$173.80 ,$175 ,$162.26 
2020-03-04,171,49814380,$168.49 ,$170.70 ,$165.62 
2020-03-05,166,47817250,$166.05 ,$170.87 ,$165.69 
2020-03-06,162,72821060,$162.61 ,$163.11 ,$156 
2020-03-09,151,70419270,$151 ,$157.75 ,$150 
2020-03-10,161,65354390,$158.16 ,$161.03 ,$152.58 
2020-03-11,154,56504300,$157.13 ,$157.70 ,$151.15 
2020-03-12,139,93226370,$145.30 ,$153.47 ,$138.58 
2020-03-13,159,92727450,$147.50 ,$161.91 ,$140.73 
2020-03-16,135,87905870,$140 ,$149.35 ,$135 
2020-03-17,147,81059820,$140 ,$147.50 ,$135 
2020-03-18,140,81593170,$138 ,$146 ,$135.02 
2020-03-19,143,85922660,$142.77 ,$150.15 ,$139 
2020-03-20,137,84866220,$146 ,$147.10 ,$135.86 
2020-03-23,136,78975180,$137.01 ,$140.57 ,$132.52 
2020-03-24,148,82516730,$143.75 ,$149.60 ,$141.27 
2020-03-25,147,75638220,$148.91 ,$154.33 ,$144.44 
2020-03-26,156,64694430,$148.40 ,$156.66 ,$148.37 
2020-03-27,150,57042290,$151.75 ,$154.89 ,$149.20 
2020-03-30,160,63420330,$152.44 ,$160.60 ,$150.01 
2020-03-31,158,77927190,$159.40 ,$164.78 ,$156.56 
2020-04-01,152,57969930,$153 ,$157.75 ,$150.82 
2020-04-02,155,49630740,$151.86 ,$155.48 ,$150.36 
2020-04-03,154,41243280,$155.10 ,$157.38 ,$152.19 
2020-04-06,165,67111700,$160.32 ,$166.50 ,$157.58 
2020-04-07,163,62769040,$169.59 ,$170 ,$163.26 
2020-04-08,165,48318230,$165.67 ,$166.67 ,$163.50 
2020-04-09,165,51431780,$166.36 ,$167.37 ,$163.33 
2020-04-13,166,41905260,$164.35 ,$165.57 ,$162.30 
2020-04-14,174,52874340,$169 ,$173.75 ,$168 
2020-04-15,172,40940830,$171.20 ,$173.57 ,$169.24 
2020-04-16,177,50479610,$174.30 ,$177.28 ,$172.90 
2020-04-17,179,52765630,$179.50 ,$180 ,$175.87 
2020-04-20,175,36669560,$176.63 ,$178.75 ,$174.99 
2020-04-21,168,56203750,$173.50 ,$173.67 ,$166.11 
2020-04-22,174,34651600,$171.39 ,$174 ,$170.82 
2020-04-23,171,32790800,$174.11 ,$175.06 ,$170.91 
2020-04-24,175,34305320,$172.06 ,$174.56 ,$170.71 
2020-04-27,174,33194380,$176.59 ,$176.90 ,$173.30 
2020-04-28,170,34392690,$175.59 ,$175.67 ,$169.39 
2020-04-29,177,51286560,$173.22 ,$177.68 ,$171.88 
2020-04-30,179,53875860,$180 ,$180.40 ,$176.23 
2020-05-01,175,39370470,$175.80 ,$178.64 ,$174.01 
2020-05-04,179,30372860,$174.49 ,$179 ,$173.80 
2020-05-05,181,36839170,$180.62 ,$183.65 ,$179.90 
2020-05-06,183,32139300,$182.08 ,$184.20 ,$181.63 
2020-05-07,184,28315990,$184.17 ,$184.55 ,$182.58 
2020-05-08,185,30912640,$184.98 ,$185 ,$183.36 
2020-05-11,187,30892660,$183.15 ,$187.51 ,$182.85 
2020-05-12,183,32038200,$186.80 ,$187.04 ,$182.30 
2020-05-13,180,44711490,$182.55 ,$184.05 ,$176.54 
2020-05-14,181,41873910,$177.54 ,$180.69 ,$175.68 
2020-05-15,183,46610380,$179.06 ,$187.06 ,$177 
2020-05-18,185,35306620,$185.75 ,$186.20 ,$183.96 
2020-05-19,184,26799120,$185.03 ,$186.60 ,$183.49 
2020-05-20,186,31261330,$184.81 ,$185.85 ,$183.94 
2020-05-21,183,29119510,$185.40 ,$186.67 ,$183.29 
2020-05-22,184,20826900,$183.19 ,$184.46 ,$182.54 
2020-05-26,182,36073610,$186.34 ,$186.50 ,$181.10 
2020-05-27,182,39517150,$180.20 ,$181.99 ,$176.60 
2020-05-28,181,33831820,$180.74 ,$184.15 ,$180.38 
2020-05-29,183,42146720,$182.73 ,$184.27 ,$180.41 
2020-06-01,183,22668820,$182.54 ,$183 ,$181.46 
2020-06-02,185,30794590,$184.25 ,$185 ,$181.35 
2020-06-03,185,27311020,$184.82 ,$185.94 ,$183.58 
2020-06-04,183,28761810,$184.30 ,$185.84 ,$182.30 
2020-06-05,187,39893640,$182.62 ,$187.73 ,$182.01 
2020-06-08,188,33211590,$185.94 ,$188.55 ,$184.44 
2020-06-09,190,29783920,$188 ,$190.70 ,$187.26 
2020-06-10,197,43872330,$191.13 ,$198.52 ,$191.01 
2020-06-11,186,52854670,$193.13 ,$195.76 ,$186.07 
2020-06-12,188,43373590,$190.54 ,$191.72 ,$185.18 
2020-06-15,189,32770190,$184.58 ,$190.82 ,$184.01 
2020-06-16,194,42556660,$192.89 ,$195.58 ,$191.46 
2020-06-17,194,25687820,$195.03 ,$196.32 ,$193.69 
2020-06-18,196,23061650,$194 ,$196.49 ,$194 
2020-06-19,195,44441140,$198.59 ,$199.29 ,$194.37 
2020-06-22,201,32818930,$195.79 ,$200.76 ,$195.23 
2020-06-23,202,30917450,$202.09 ,$203.95 ,$201.43 
2020-06-24,198,36740650,$201.60 ,$203.25 ,$196.56 
2020-06-25,200,27803930,$197.80 ,$200.61 ,$195.47 
2020-06-26,196,54675780,$199.73 ,$199.89 ,$194.88 
2020-06-29,198,26701590,$195.78 ,$198.53 ,$193.55 
2020-06-30,204,34310280,$197.88 ,$204.40 ,$197.74 
2020-07-01,205,32061210,$203.14 ,$206.35 ,$201.77 
2020-07-02,206,29315760,$205.68 ,$208.02 ,$205 
2020-07-06,211,31897630,$208.83 ,$211.13 ,$208.09 
2020-07-07,208,33600730,$210.45 ,$214.67 ,$207.99 
2020-07-08,213,33600030,$210.07 ,$213.26 ,$208.69 
2020-07-09,214,33121680,$216.33 ,$216.38 ,$211.47 
2020-07-10,214,26177630,$213.62 ,$214.08 ,$211.08 
2020-07-13,207,38135610,$214.48 ,$215.80 ,$206.50 
2020-07-14,208,37591820,$206.13 ,$208.85 ,$202.03 
2020-07-15,208,32179410,$209.56 ,$211.33 ,$205.03 
2020-07-16,204,29940650,$205.40 ,$205.70 ,$202.31 
2020-07-17,203,31635280,$204.47 ,$205.04 ,$201.39 
2020-07-20,212,36884840,$205 ,$212.30 ,$203.01 
2020-07-21,209,38105780,$213.66 ,$213.94 ,$208.03 
2020-07-22,212,49605690,$209.20 ,$212.30 ,$208.39 
2020-07-23,203,67457040,$207.19 ,$210.92 ,$202.15 
2020-07-24,201,39826990,$200.42 ,$202.86 ,$197.51 
2020-07-27,204,30160870,$201.47 ,$203.97 ,$200.86 
2020-07-28,202,23251390,$203.61 ,$204.70 ,$201.74 
2020-07-29,204,19632600,$202.50 ,$204.65 ,$202.01 
2020-07-30,204,25079600,$201 ,$204.46 ,$199.57 
2020-07-31,205,51247970,$204.40 ,$205.10 ,$199.01 
2020-08-03,217,78983010,$211.52 ,$217.64 ,$210.44 
2020-08-04,213,49280060,$214.17 ,$214.77 ,$210.31 
2020-08-05,213,28858620,$214.90 ,$215 ,$211.57 
2020-08-06,216,32656840,$212.34 ,$216.37 ,$211.55 
2020-08-07,212,27820420,$214.85 ,$215.70 ,$210.93 
2020-08-10,208,36716460,$211.67 ,$211.88 ,$206.35 
2020-08-11,203,36446460,$207.16 ,$207.65 ,$203.14 
2020-08-12,209,28041360,$205.29 ,$210.28 ,$204.75 
2020-08-13,209,22588870,$209.44 ,$211.35 ,$208.15 
2020-08-14,209,17958940,$208.76 ,$209.59 ,$207.51 
2020-08-17,210,20184760,$209.60 ,$211.19 ,$208.92 
2020-08-18,211,21336170,$210.53 ,$212.36 ,$209.21 
2020-08-19,210,27627560,$211.49 ,$212.10 ,$209.25 
2020-08-20,215,26981480,$209.54 ,$215 ,$208.91 
2020-08-21,213,36249320,$213.86 ,$216.25 ,$212.85 
2020-08-24,214,25460150,$214.79 ,$215.52 ,$212.43 
2020-08-25,216,23043700,$213.10 ,$216.61 ,$213.10 
2020-08-26,221,39600830,$217.88 ,$222.09 ,$217.36 
2020-08-27,227,57602200,$222.89 ,$231.15 ,$219.40 
2020-08-28,229,26292900,$228.18 ,$230.64 ,$226.58 
2020-08-31,226,28774160,$227 ,$228.70 ,$224.31 
2020-09-01,227,25791240,$225.51 ,$227.45 ,$224.43 
2020-09-02,232,34080840,$227.97 ,$232.86 ,$227.35 
2020-09-03,217,58400290,$229.27 ,$229.31 ,$214.96 
2020-09-04,214,59664070,$215.10 ,$218.36 ,$205.19 
2020-09-08,203,52924330,$206.50 ,$210.03 ,$202.20 
2020-09-09,211,45678990,$207.60 ,$214.84 ,$206.70 
2020-09-10,205,35461510,$213.40 ,$214.74 ,$204.11 
2020-09-11,204,33620070,$207.20 ,$208.63 ,$201.24 
2020-09-14,205,30375770,$204.24 ,$209.20 ,$204.03 
2020-09-15,209,21823940,$208.42 ,$209.78 ,$206.93 
2020-09-16,205,26372460,$210.62 ,$210.65 ,$204.64 
2020-09-17,203,34011260,$200.05 ,$204.33 ,$199.96 
2020-09-18,200,55225330,$202.80 ,$203.65 ,$196.25 
2020-09-21,203,39839660,$197.19 ,$202.71 ,$196.38 
2020-09-22,207,33517070,$205.06 ,$208.10 ,$202.08 
2020-09-23,201,30803780,$207.90 ,$208.10 ,$200.03 
2020-09-24,203,31202490,$199.85 ,$205.57 ,$199.20 
2020-09-25,208,29437310,$203.55 ,$209.04 ,$202.54 
2020-09-28,209,32004940,$210.88 ,$212.57 ,$208.06 
2020-09-29,207,24464470,$209.35 ,$210.07 ,$206.81 
2020-09-30,210,33829090,$207.73 ,$211.98 ,$206.54 
2020-10-01,212,27158420,$213.49 ,$213.99 ,$211.32 
2020-10-02,206,33154780,$208 ,$210.99 ,$205.54 
2020-10-05,210,21331560,$207.22 ,$210.41 ,$206.98 
2020-10-06,206,28554260,$208.82 ,$210.18 ,$204.82 
2020-10-07,210,25681050,$207.06 ,$210.11 ,$206.72 
2020-10-08,211,19925840,$210.51 ,$211.19 ,$208.32 
2020-10-09,216,26458050,$211.23 ,$215.86 ,$211.23 
2020-10-12,221,40461370,$218.79 ,$223.86 ,$216.81 
2020-10-13,223,28950840,$222.72 ,$225.21 ,$220.43 
2020-10-14,221,23451710,$223 ,$224.22 ,$219.13 
2020-10-15,220,22733060,$217.10 ,$220.36 ,$216.01 
2020-10-16,220,26057880,$220.15 ,$222.29 ,$219.32 
2020-10-19,214,27625840,$220.42 ,$222.30 ,$213.72 
2020-10-20,215,22753510,$215.80 ,$217.37 ,$213.09 
2020-10-21,215,22724910,$213.12 ,$216.92 ,$213.12 
2020-10-22,215,22351450,$213.93 ,$216.06 ,$211.70 
2020-10-23,216,18879610,$215.03 ,$216.28 ,$213.16 
2020-10-26,210,37111560,$213.85 ,$216.34 ,$208.10 
2020-10-27,213,36700330,$211.59 ,$214.67 ,$210.33 
2020-10-28,203,51195590,$207.67 ,$208.84 ,$202.10 
2020-10-29,205,31432560,$204.07 ,$207.36 ,$203.37 
2020-10-30,202,36980110,$203.50 ,$204.29 ,$199.62 
2020-11-02,202,30842160,$204.29 ,$205.28 ,$200.12 
2020-11-03,206,27512030,$203.89 ,$208.12 ,$203.12 
2020-11-04,216,42311780,$214.02 ,$218.32 ,$212.42 
2020-11-05,223,36080140,$222.04 ,$224.12 ,$221.15 
2020-11-06,224,25231900,$222.26 ,$224.36 ,$218.03 
2020-11-09,218,44394950,$224.44 ,$228.12 ,$217.88 
2020-11-10,211,44045120,$214.50 ,$216.50 ,$209.72 
2020-11-11,217,29440790,$212.39 ,$218.04 ,$212.20 
2020-11-12,215,21616120,$217.21 ,$219.11 ,$214.46 
2020-11-13,217,18630310,$216.36 ,$217.42 ,$214.16 
2020-11-16,217,24953340,$214.87 ,$217.74 ,$214.52 
2020-11-17,214,24154110,$216.10 ,$217.68 ,$214.08 
2020-11-18,211,28372790,$213.65 ,$215.17 ,$210.93 
2020-11-19,212,24792750,$211.38 ,$213.03 ,$209.93 
2020-11-20,210,22843120,$212.20 ,$213.29 ,$210 
2020-11-23,210,25683510,$210.95 ,$212.29 ,$208.16 
2020-11-24,214,33979730,$209.59 ,$214.25 ,$208.86 
2020-11-25,214,21012890,$215.11 ,$215.29 ,$212.46 
2020-11-27,215,14512210,$214.85 ,$216.27 ,$214.04 
2020-11-30,214,33064750,$214.10 ,$214.76 ,$210.84 
2020-12-01,216,30931320,$214.51 ,$217.32 ,$213.35 
2020-12-02,215,23724510,$214.88 ,$215.47 ,$212.80 
2020-12-03,214,25120920,$214.61 ,$216.38 ,$213.65 
2020-12-04,214,24666040,$214.22 ,$215.38 ,$213.18 
2020-12-07,214,24620000,$214.37 ,$215.54 ,$212.99 
2020-12-08,216,23284090,$213.97 ,$216.95 ,$212.89 
2020-12-09,212,32440600,$215.16 ,$215.23 ,$211.21 
2020-12-10,211,26467020,$211.77 ,$213.08 ,$210.36 
2020-12-11,213,30979440,$210.05 ,$213.32 ,$209.11 
2020-12-14,214,28798380,$213.10 ,$216.21 ,$212.88 
2020-12-15,214,27018110,$215.17 ,$215.42 ,$212.24 
2020-12-16,219,35023250,$214.75 ,$220.11 ,$214.72 
2020-12-17,219,32515780,$219.87 ,$220.89 ,$217.92 
2020-12-18,219,63354920,$218.59 ,$219.69 ,$216.02 
2020-12-21,223,37181890,$217.55 ,$224 ,$217.28 
2020-12-22,224,22643400,$222.69 ,$225.63 ,$221.85 
2020-12-23,221,18699640,$223.11 ,$223.56 ,$220.80 
2020-12-24,223,10550570,$221.42 ,$223.61 ,$221.20 
2020-12-28,225,17933500,$224.45 ,$226.03 ,$223.02 
2020-12-29,224,17403210,$226.31 ,$227.18 ,$223.58 
2020-12-30,222,20272340,$225.23 ,$225.63 ,$221.47 
2020-12-31,222,20942130,$221.70 ,$223 ,$219.68 
2021-01-04,218,37130140,$222.53 ,$223 ,$214.81 
2021-01-05,218,23822950,$217.26 ,$218.52 ,$215.70 
2021-01-06,212,35930650,$212.17 ,$216.49 ,$211.94 
2021-01-07,218,27694480,$214.04 ,$219.34 ,$213.71 
2021-01-08,220,22956210,$218.68 ,$220.58 ,$217.03 
2021-01-11,217,23047030,$218.47 ,$218.91 ,$216.73 
2021-01-12,215,23249340,$216.50 ,$217.10 ,$213.32 
2021-01-13,216,20087080,$214.02 ,$216.76 ,$213.93 
2021-01-14,213,29346740,$215.91 ,$217.46 ,$212.74 
2021-01-15,213,31746510,$213.52 ,$214.51 ,$212.03 
2021-01-19,216,30480860,$213.75 ,$216.98 ,$212.63 
2021-01-20,224,37777260,$217.70 ,$225.79 ,$217.29 
2021-01-21,225,30749550,$224.70 ,$226.30 ,$222.42 
2021-01-22,226,30172660,$227.08 ,$230.07 ,$225.80 
2021-01-25,230,33152100,$229.12 ,$229.78 ,$224.22 
2021-01-26,232,49169600,$231.86 ,$234.18 ,$230.08 
2021-01-27,233,69870640,$238 ,$240.44 ,$230.14 
2021-01-28,239,49111160,$235.61 ,$242.64 ,$235.09 
2021-01-29,232,42503140,$235.99 ,$238.02 ,$231.35 
2021-02-01,240,33314190,$235.06 ,$242.50 ,$232.43 
2021-02-02,240,25916340,$241.30 ,$242.31 ,$238.69 
2021-02-03,243,27158100,$239.57 ,$245.09 ,$239.26 
2021-02-04,242,25296100,$242.66 ,$243.24 ,$240.37 
2021-02-05,242,18054750,$242.23 ,$243.28 ,$240.42 
2021-02-08,242,22211930,$243.15 ,$243.68 ,$240.81 
2021-02-09,244,23564950,$241.87 ,$244.76 ,$241.38 
2021-02-10,243,22186710,$245 ,$245.92 ,$240.89 
2021-02-11,244,15751060,$244.78 ,$245.15 ,$242.15 
2021-02-12,245,16561080,$243.93 ,$245.30 ,$242.73 
2021-02-16,244,26728490,$245.03 ,$246.13 ,$242.92 
2021-02-17,244,21673110,$241.32 ,$244.31 ,$240.94 
2021-02-18,244,16925560,$241.80 ,$243.93 ,$240.86 
2021-02-19,241,25262600,$243.75 ,$243.86 ,$240.18 
2021-02-22,235,36446940,$237.42 ,$237.93 ,$232.40 
2021-02-23,233,30228700,$230.33 ,$234.83 ,$228.73 
2021-02-24,235,26339750,$230.01 ,$235.20 ,$229 
2021-02-25,229,39542240,$232.08 ,$234.59 ,$227.88 
2021-02-26,232,37819230,$231.53 ,$235.37 ,$229.54 
2021-03-01,237,25332840,$235.90 ,$237.47 ,$233.15 
2021-03-02,234,22812460,$237.01 ,$237.30 ,$233.45 
2021-03-03,228,34029530,$232.16 ,$233.58 ,$227.26 
2021-03-04,227,44727790,$226.74 ,$232.49 ,$224.26 
2021-03-05,232,41872770,$229.52 ,$233.27 ,$226.46 
2021-03-08,227,35267440,$231.37 ,$233.37 ,$227.13 
2021-03-09,234,33080530,$232.88 ,$235.38 ,$231.67 
2021-03-10,232,29746810,$237 ,$237 ,$232.04 
2021-03-11,237,29907590,$234.96 ,$239.17 ,$234.31 
2021-03-12,236,22653660,$234.01 ,$235.82 ,$233.23 
2021-03-15,235,26042670,$234.96 ,$235.19 ,$231.81 
2021-03-16,238,28092200,$236.28 ,$240.06 ,$235.94 
2021-03-17,237,29562100,$236.15 ,$238.55 ,$233.23 
2021-03-18,231,34852250,$232.56 ,$234.19 ,$230.33 
2021-03-19,230,46430730,$231.02 ,$232.47 ,$229.35 
2021-03-22,236,30127010,$230.27 ,$236.90 ,$230.14 
2021-03-23,238,31638380,$237.49 ,$241.05 ,$237.07 
2021-03-24,235,25620130,$237.85 ,$238 ,$235.32 
2021-03-25,232,34061850,$235.30 ,$236.94 ,$231.57 
2021-03-26,236,25479850,$231.55 ,$236.71 ,$231.55 
2021-03-29,235,25227460,$236.59 ,$236.80 ,$231.88 
2021-03-30,232,24792010,$233.53 ,$233.85 ,$231.10 
2021-03-31,236,43623470,$232.91 ,$239.10 ,$232.39 
2021-04-01,242,30337980,$238.47 ,$242.84 ,$238.05 
2021-04-05,249,36910610,$242.76 ,$249.96 ,$242.70 
2021-04-06,248,22931920,$247.61 ,$249.40 ,$246.88 
2021-04-07,250,22719840,$247.81 ,$250.93 ,$247.19 
2021-04-08,253,23625200,$252.77 ,$254.14 ,$252 
2021-04-09,256,24326830,$252.87 ,$255.99 ,$252.44 
2021-04-12,256,27148670,$254.71 ,$257.67 ,$254.62 
2021-04-13,258,23837470,$257.26 ,$259.19 ,$256.83 
2021-04-14,256,23070940,$257.48 ,$258.83 ,$255.16 
2021-04-15,260,25627480,$257.93 ,$259.93 ,$257.73 
2021-04-16,261,24878580,$259.47 ,$261 ,$257.60 
2021-04-19,259,23209260,$260.19 ,$261.48 ,$257.82 
2021-04-20,258,19722880,$257.82 ,$260.20 ,$256.84 
2021-04-21,261,24030380,$258.94 ,$260.68 ,$257.25 
2021-04-22,257,25606150,$260.21 ,$261.78 ,$255.64 
2021-04-23,261,21499290,$257.88 ,$261.51 ,$257.27 
2021-04-26,262,19763350,$261.66 ,$262.44 ,$260.17 
2021-04-27,262,31014210,$261.59 ,$263.19 ,$260.12 
2021-04-28,255,46903120,$256.08 ,$256.54 ,$252.95 
2021-04-29,253,40589020,$255.46 ,$256.10 ,$249 
2021-04-30,252,30945100,$249.74 ,$253.08 ,$249.60 
2021-05-03,252,19626570,$253.40 ,$254.35 ,$251.12 
2021-05-04,248,32756050,$250.97 ,$251.21 ,$245.76 
2021-05-05,246,21901330,$249.06 ,$249.50 ,$245.82 
2021-05-06,250,26491090,$246.45 ,$249.86 ,$244.69 
2021-05-07,252,27032910,$252.15 ,$254.30 ,$251.17 
2021-05-10,247,29299890,$250.87 ,$251.73 ,$247.12 
2021-05-11,246,33641590,$244.55 ,$246.60 ,$242.57 
2021-05-12,239,36684370,$242.17 ,$244.38 ,$238.07 
2021-05-13,243,29624300,$241.80 ,$245.60 ,$241.42 
2021-05-14,248,23901080,$245.58 ,$249.18 ,$245.49 
2021-05-17,245,24938180,$246.55 ,$246.59 ,$243.52 
2021-05-18,243,20167980,$246.27 ,$246.41 ,$242.90 
2021-05-19,243,25739810,$239.31 ,$243.23 ,$238.60 
2021-05-20,246,21800720,$243.96 ,$247.95 ,$243.86 
2021-05-21,245,21863060,$247.57 ,$248.33 ,$244.74 
2021-05-24,251,21411550,$247.79 ,$251.16 ,$247.51 
2021-05-25,252,17704300,$251.77 ,$252.75 ,$250.82 
2021-05-26,251,17771600,$251.43 ,$252.94 ,$250.75 
2021-05-27,249,24426240,$251.17 ,$251.48 ,$249.25 
2021-05-28,250,18274940,$251.00 ,$252.08 ,$249.56 
2021-06-01,247,23213310,$251.23 ,$251.29 ,$246.96 
2021-06-02,247,19406710,$248.13 ,$249.27 ,$245.84 
2021-06-03,246,25307710,$245.22 ,$246.34 ,$243 
2021-06-04,251,25281090,$247.76 ,$251.65 ,$247.51 
2021-06-07,254,23079170,$249.98 ,$254.09 ,$249.81 
2021-06-08,253,22455000,$255.16 ,$256.01 ,$252.51 
2021-06-09,254,17937630,$253.81 ,$255.53 ,$253.21 
2021-06-10,257,24563620,$254.29 ,$257.46 ,$253.67 
2021-06-11,258,18999730,$257.99 ,$258.49 ,$256.61 
